 

          **************************************************************
          *                                                            *
          *        ****   *****   *****   *    *  *    *  *****        *
          *       *    *  *    *  *    *  *   *   *   *   *    *       *
          *       *       *    *  *    *  *  *    *  *    *    *       *
          *        ****   *****   *****   * *     * *     *****        *
          *            *  *       *  *    ** *    ** *    *  *         *
          *       *    *  *       *   *   *   *   *   *   *   *        *
          *        ****   *       *    *  *    *  *    *  *    *       *
          *                                                            *
          *------------------------------------------------------------*
          *       KKRSCF  VERSION  9.7            (C) 2026  H. Ebert   *
          **************************************************************


          **************************************************************
          *                                                            *
          *                  PUBLIC VERSION                            *
          *                                                            *
          **************************************************************


          programm execution  on    17/08/2026    at   17:15:35

          Git branch       : master
          Git hash         : c433750ad2c6672227c5dd08ff86155e1063a70e
          Date of commit   : Mon Aug 3 18:23:35 2026 +0200
          Compiled on      : Linux podlozka 7.0.0-27-generic GNU/Linux
          Date of compile  : Mon Aug  3 23:09:20 CEST 2026

          input file       : standard input


 *******************************************************************************
                                 <GETLRECREAL>
 *******************************************************************************

          record length parameter for REAL's   LRECREAL8 =  8
          a double precision real*8 is stored in 8 Bytes              



 *******************************************************************************
                                    <POTRD2>
 *******************************************************************************


          system dimension: 3D        
          system type:      BULK                          
          SCF status:       START     



 *******************************************************************************
                               <INIT_MOD_LATTICE>
 *******************************************************************************

          initialize the module <MOD_LATTICE> according to SYSDIM = 3D

          set up basis vectors for reciprocal space 


          real space Bravais lattice: cubic       primitive      m3m    O_h 

          primitive vectors for real space Bravais lattice

            (   1.00000,   0.00000,   0.00000 )
            (   0.00000,   1.00000,   0.00000 )
            (   0.00000,   0.00000,   1.00000 )

          basis vectors in units of a

            (   0.00000,   0.00000,   0.00000 )
            (   0.50000,   0.50000,   0.00000 )
            (   0.00000,   0.50000,   0.50000 )

          primitive vectors of reciprocal space Bravais lattice
                 in units of 2*pi/a

            (   1.00000,   0.00000,   0.00000 )
            (   0.00000,   1.00000,   0.00000 )
            (   0.00000,   0.00000,   1.00000 )


 *******************************************************************************
                                   <SYMINIT>
 *******************************************************************************

          set up possible symmetry operations for the 
          real space Bravais lattice: cubic       primitive      m3m    O_h 

          crystal system   7     CUB

          symmetry operations to scan       NSYM  48
          maximum possible symmetry operations    48

           T T T T T T T T T T T T T T T T T T T T T T T T
           T T T T T T T T T T T T T T T T T T T T T T T T


 *******************************************************************************
                                  <SYMLATTICE>
 *******************************************************************************

          find out symmetry properties of the lattice


          crystal system accepted symmetry operations      48
          accepted symmetry operations   NSYMACCEPTED      16
          operations NSYM (loops)        NSYM              48
          operations NSYM w/o INV        NSYM_WO_INV       24


       I    Euler angles  INV SYMBOL TIM     shift  ->DQ     Q' 
       1     0    0    0       E           0.00  0.00  0.00   1   2   3
       2     0  180  180       C2x    T    0.00  0.00  0.00   1   2   3
       3     0  180    0       C2y    T    0.00  0.00  0.00   1   2   3
       4     0    0  180       C2z         0.00  0.00  0.00   1   2   3
      15     0    0   90       C+4z        0.50  0.50  0.00   2   1   3
      18     0    0  270       C-4z        0.50  0.50  0.00   2   1   3
      19     0  180   90       C2a    T    0.50  0.50  0.00   2   1   3
      20     0  180  270       C2b    T    0.50  0.50  0.00   2   1   3
      25     0    0    0   I   I           0.00  0.00  0.00   1   2   3
      26     0  180  180   I   sx     T    0.00  0.00  0.00   1   2   3
      27     0  180    0   I   sy     T    0.00  0.00  0.00   1   2   3
      28     0    0  180   I   sz          0.00  0.00  0.00   1   2   3
      39     0    0   90   I   S-4z        0.50  0.50  0.00   2   1   3
      42     0    0  270   I   S+4z        0.50  0.50  0.00   2   1   3
      43     0  180   90   I   sda    T    0.50  0.50  0.00   2   1   3
      44     0  180  270   I   sdb    T    0.50  0.50  0.00   2   1   3

          the detected  16 symmetry operations form a group

          the space group is NONSYMMORPHIC


          BZ-wedges to be treated  NWEDGE   3
          created by operations  
           1  E       5  C+31    9  C-31


 *******************************************************************************
                                    <SYMROT>
 *******************************************************************************

          set up of rotation matrices  DROT  for IREL = 3

          CHECK of rotation matrices   DROT  for COMPLEX spherical harmonics
          comparison of analytical and numerical results
          out of  1944 elements     0 deviate more than TOL =   1.0E-08
          maximum deviation found:    2.7E-14


 *******************************************************************************
 *******************************************************************************
                                <FPPICKRULES>
                  fix dimensions via the full potential picking rules
 *******************************************************************************
 *******************************************************************************


 *******************************************************************************
                                   <FPDIMENSIONS>
                  array sizes for full potential calculations
 *******************************************************************************

          NFPLIM =   6




 *******************************************************************************
                                  <INIT_RADII>
 *******************************************************************************


     for atom Fe          Z =  26

     Level  Energy        Occ. Val.      R**2          R
      1S  -5.1323470E+02   2    1   4.6104849E-03   5.8552897E-02
      2S  -6.0187068E+01   2    1   8.4475162E-02   2.6737243E-01
      2P* -5.1987218E+01   2    1   6.7259956E-02   2.3372744E-01
      2P  -5.1072245E+01   4    1   6.8889631E-02   2.3677531E-01
      3S  -6.9685609E+00   2    1   7.6252887E-01   8.1217544E-01
      3P* -4.5771105E+00   2    1   8.5835773E-01   8.5222788E-01
      3P  -4.4629453E+00   4    1   8.7782147E-01   8.6183884E-01
      4S  -5.1014624E-01   2    1   1.1713829E+01   3.1494696E+00
      3D* -6.7184947E-01   4    1   1.7644599E+00   1.1381102E+00
      3D  -6.6059161E-01   2    1   1.7900279E+00   1.1455078E+00

     for atom Al          Z =  13

     Level  Energy        Occ. Val.      R**2          R
      1S  -1.1067001E+02   2    1   1.9597923E-02   1.2061615E-01
      2S  -8.0150597E+00   2    1   4.7473737E-01   6.2891542E-01
      2P* -5.2596133E+00   2    1   4.6279780E-01   6.0284218E-01
      2P  -5.2271710E+00   4    1   4.6612846E-01   6.0510359E-01
      3S  -6.6941520E-01   2    1   7.9267224E+00   2.5884733E+00
      3P* -3.1944812E-01   1    1   1.7837142E+01   3.8165238E+00

          K_SET_RMT =  4     use atomic Hartree potential            
          K_SET_RWS =  1     RWS = x * RMT                           


                   muffin tin and Wigner-Seitz radii

                   IM    RMT               RWS     final setting in  <INIT_RADII>
                    1  2.64812767014179  3.23124037318885
                    2  2.69682496251691  3.29066071721593

 *******************************************************************************
                                   <FPSPHERE>
 *******************************************************************************

          weighted spherical harmonics created for l_max =  4
          on a Lebedev integration mesh with  434  points on a sphere


 *******************************************************************************
                                   <SFNREADDIM>
                      array sizes for the shape functions
 *******************************************************************************


 ###############################################################################

                                  <SFNREADDIM>
              shape function file not available:  Fe2Al_SCF.sfn
 ###############################################################################



 *******************************************************************************
                                  <SFNCREATE>
 *******************************************************************************

          create the shape functions for    2 meshes


 mmmmmmmmmmmmmmmmmmmmmmmmmmmmmmmmmmmmmmmmmmmmmmmmmmmmmmmmmmmmmmmmmmmmmmmmmmmmmmm

                    mesh IM =   1          3D BULK

 mmmmmmmmmmmmmmmmmmmmmmmmmmmmmmmmmmmmmmmmmmmmmmmmmmmmmmmmmmmmmmmmmmmmmmmmmmmmmmm

 xxxxxxxxxxxxxxxxxxxxxxxxxxxxxxxxxxxxxxxxxxxxxxxxxxxxxxxxxxxxxxxxxxxxxxxxxxxxxxx

                    IM =   1    calling subroutine SFNRASMOL

 xxxxxxxxxxxxxxxxxxxxxxxxxxxxxxxxxxxxxxxxxxxxxxxxxxxxxxxxxxxxxxxxxxxxxxxxxxxxxxx

                        suitable radial mesh

               IPAN      from          to            Delta r      points

                 1     0.3503322     0.3535534     0.0016106         3
                 2     0.3535534     0.4064013     0.0066060         9
                 3     0.4064013     0.4954446     0.0089043        11
                 4     0.4954446     0.4954655     0.0000105         3
                 5     0.4954655     0.5000000     0.0022673         3
                 6     0.5000000     0.7038930     0.0101946        21
             total                                                  50

          initial relative volume mismatch     ERR = -0.00003072
          shape functions scaled linearly with WH2 =  0.99985503

 mmmmmmmmmmmmmmmmmmmmmmmmmmmmmmmmmmmmmmmmmmmmmmmmmmmmmmmmmmmmmmmmmmmmmmmmmmmmmmm

                    mesh IM =   2          3D BULK

 mmmmmmmmmmmmmmmmmmmmmmmmmmmmmmmmmmmmmmmmmmmmmmmmmmmmmmmmmmmmmmmmmmmmmmmmmmmmmmm

 xxxxxxxxxxxxxxxxxxxxxxxxxxxxxxxxxxxxxxxxxxxxxxxxxxxxxxxxxxxxxxxxxxxxxxxxxxxxxxx

                    IM =   2    calling subroutine SFNRASMOL

 xxxxxxxxxxxxxxxxxxxxxxxxxxxxxxxxxxxxxxxxxxxxxxxxxxxxxxxxxxxxxxxxxxxxxxxxxxxxxxx

                        suitable radial mesh

               IPAN      from          to            Delta r      points

                 1     0.3567746     0.4119678     0.0068992         9
                 2     0.4119678     0.5000000     0.0088032        11
                 3     0.5000000     0.5000208     0.0000104         3
                 4     0.5000208     0.5000415     0.0000104         3
                 5     0.5000415     0.7071068     0.0103533        21
                 6     0.7071068     0.7071215     0.0000073         3
             total                                                  50

          initial relative volume mismatch     ERR = -0.00006574
          shape functions scaled linearly with WH2 =  0.99969496

 mmmmmmmmmmmmmmmmmmmmmmmmmmmmmmmmmmmmmmmmmmmmmmmmmmmmmmmmmmmmmmmmmmmmmmmmmmmmmmm

                    mesh IM =   1          3D BULK

 mmmmmmmmmmmmmmmmmmmmmmmmmmmmmmmmmmmmmmmmmmmmmmmmmmmmmmmmmmmmmmmmmmmmmmmmmmmmmmm

 xxxxxxxxxxxxxxxxxxxxxxxxxxxxxxxxxxxxxxxxxxxxxxxxxxxxxxxxxxxxxxxxxxxxxxxxxxxxxxx

                    IM =   1    calling subroutine SFNRASMOL

 xxxxxxxxxxxxxxxxxxxxxxxxxxxxxxxxxxxxxxxxxxxxxxxxxxxxxxxxxxxxxxxxxxxxxxxxxxxxxxx

                        suitable radial mesh

               IPAN      from          to            Delta r      points

                 1     0.3503322     0.3535534     0.0016106         3
                 2     0.3535534     0.4064013     0.0066060         9
                 3     0.4064013     0.4954446     0.0089043        11
                 4     0.4954446     0.4954655     0.0000105         3
                 5     0.4954655     0.5000000     0.0022673         3
                 6     0.5000000     0.7038930     0.0101946        21
             total                                                  50

          initial relative volume mismatch     ERR = -0.00003072
          shape functions scaled linearly with WH2 =  0.99985503

 mmmmmmmmmmmmmmmmmmmmmmmmmmmmmmmmmmmmmmmmmmmmmmmmmmmmmmmmmmmmmmmmmmmmmmmmmmmmmmm

                    mesh IM =   2          3D BULK

 mmmmmmmmmmmmmmmmmmmmmmmmmmmmmmmmmmmmmmmmmmmmmmmmmmmmmmmmmmmmmmmmmmmmmmmmmmmmmmm

 xxxxxxxxxxxxxxxxxxxxxxxxxxxxxxxxxxxxxxxxxxxxxxxxxxxxxxxxxxxxxxxxxxxxxxxxxxxxxxx

                    IM =   2    calling subroutine SFNRASMOL

 xxxxxxxxxxxxxxxxxxxxxxxxxxxxxxxxxxxxxxxxxxxxxxxxxxxxxxxxxxxxxxxxxxxxxxxxxxxxxxx

                        suitable radial mesh

               IPAN      from          to            Delta r      points

                 1     0.3567746     0.4119678     0.0068992         9
                 2     0.4119678     0.5000000     0.0088032        11
                 3     0.5000000     0.5000208     0.0000104         3
                 4     0.5000208     0.5000415     0.0000104         3
                 5     0.5000415     0.7071068     0.0103533        21
                 6     0.7071068     0.7071215     0.0000073         3
             total                                                  50

          initial relative volume mismatch     ERR = -0.00006574
          shape functions scaled linearly with WH2 =  0.99969496

 mmmmmmmmmmmmmmmmmmmmmmmmmmmmmmmmmmmmmmmmmmmmmmmmmmmmmmmmmmmmmmmmmmmmmmmmmmmmmmm

                    mesh IM =   1          3D BULK

 mmmmmmmmmmmmmmmmmmmmmmmmmmmmmmmmmmmmmmmmmmmmmmmmmmmmmmmmmmmmmmmmmmmmmmmmmmmmmmm

 xxxxxxxxxxxxxxxxxxxxxxxxxxxxxxxxxxxxxxxxxxxxxxxxxxxxxxxxxxxxxxxxxxxxxxxxxxxxxxx

                    IM =   1    calling subroutine SFNRASMOL

 xxxxxxxxxxxxxxxxxxxxxxxxxxxxxxxxxxxxxxxxxxxxxxxxxxxxxxxxxxxxxxxxxxxxxxxxxxxxxxx

                        suitable radial mesh

               IPAN      from          to            Delta r      points

                 1     0.3503322     0.3535534     0.0016106         3
                 2     0.3535534     0.4064013     0.0066060         9
                 3     0.4064013     0.4954446     0.0089043        11
                 4     0.4954446     0.4954655     0.0000105         3
                 5     0.4954655     0.5000000     0.0022673         3
                 6     0.5000000     0.7038930     0.0101946        21
             total                                                  50

          initial relative volume mismatch     ERR = -0.00003072
          shape functions scaled linearly with WH2 =  0.99985503

 mmmmmmmmmmmmmmmmmmmmmmmmmmmmmmmmmmmmmmmmmmmmmmmmmmmmmmmmmmmmmmmmmmmmmmmmmmmmmmm

                    mesh IM =   2          3D BULK

 mmmmmmmmmmmmmmmmmmmmmmmmmmmmmmmmmmmmmmmmmmmmmmmmmmmmmmmmmmmmmmmmmmmmmmmmmmmmmmm

 xxxxxxxxxxxxxxxxxxxxxxxxxxxxxxxxxxxxxxxxxxxxxxxxxxxxxxxxxxxxxxxxxxxxxxxxxxxxxxx

                    IM =   2    calling subroutine SFNRASMOL

 xxxxxxxxxxxxxxxxxxxxxxxxxxxxxxxxxxxxxxxxxxxxxxxxxxxxxxxxxxxxxxxxxxxxxxxxxxxxxxx

                        suitable radial mesh

               IPAN      from          to            Delta r      points

                 1     0.3567746     0.4119678     0.0068992         9
                 2     0.4119678     0.5000000     0.0088032        11
                 3     0.5000000     0.5000208     0.0000104         3
                 4     0.5000208     0.5000415     0.0000104         3
                 5     0.5000415     0.7071068     0.0103533        21
                 6     0.7071068     0.7071215     0.0000073         3
             total                                                  50

          initial relative volume mismatch     ERR = -0.00006574
          shape functions scaled linearly with WH2 =  0.99969496

          muffin tin and Wigner-Seitz radii

          IM    RMT               RWS      in  <SFNCREATE>
           1  2.64812767014179  3.23124037318885
           2  2.69682496251691  3.29066071721593

 *******************************************************************************
                              <FPPICKRULES_VORONOI>
 *******************************************************************************

          checking the picking rules for the shape functions
          based on the shape of the Voronoi polyhedrons

          mesh   1:     NSF sym - num:   15  15   (=)       
          mesh   2:     NSF sym - num:    9   9   (=)       

          numerical results for the shape functions
          in line with the symmetry based selection rules


          mesh type IM =   1          NSF   15    NRSFTOT    50
          LM     1 ( 0,  0)   7 ( 2,  0)   9 ( 2,  2)  21 ( 4,  0)  23 ( 4,  2)
                25 ( 4,  4)  43 ( 6,  0)  45 ( 6,  2)  47 ( 6,  4)  49 ( 6,  6)
                73 ( 8,  0)  75 ( 8,  2)  77 ( 8,  4)  79 ( 8,  6)  81 ( 8,  8)

          mesh type IM =   2          NSF    9    NRSFTOT    50
          LM     1 ( 0,  0)   7 ( 2,  0)  21 ( 4,  0)  25 ( 4,  4)  43 ( 6,  0)
                47 ( 6,  4)  73 ( 8,  0)  77 ( 8,  4)  81 ( 8,  8)

                    volume of the atomic cells

                    IM      vol (poly)      vol (intd)   rel Dev     r_mt (used)   r_mt (fill)
                     1   141.9970565834  141.9970565834  0.0E+00    2.6481276701  2.6481276701
                     2   147.8992953181  147.8992953181  2.2E-16    2.6968249625  2.6968249625
                    SUM  431.8934084848  431.8934084848  0.0E+00
                    VUC  431.8934084848                 -1.1E-15
                    Del    0.0000000000                 -1.1E-15


     unit cell data stored in rasmol data-file Fe2Al_SCF_SFN_UC.pdb
     view via:   rasmol  -script Fe2Al_SCF_SFN_UC.ras

 *******************************************************************************

          running <SFNCREATE> 
          mumber of warnings   NWARN =    0
          error flag           IFLAG =    0
          polyhedron flag      IFLAG =    0

 *******************************************************************************


 *******************************************************************************



 *******************************************************************************
                                 <POTRDSPR>
 *******************************************************************************

          POTFMTINP =  9

 SPR-KKR                                                                         

          radial mesh parameters:

          IM    JRMT   R(JRMT)    RMT      JRWS    RWS       DX
           1    711   2.62399   2.64813    721   3.23124   0.020817190
           2    711   2.67156   2.69682    721   3.29066   0.020842499

          Bravais lattice:                cubic       primitive    
          lattice constant  ALAT               7.55890
          number of sites   NQ                       3
          average Wigner-Seitz radius          3.25129




 *******************************************************************************
 *******************************************************************************
                              <OPTIMIZE_BASIS_3D>
 *******************************************************************************
 *******************************************************************************


          no changes done on basis vectors
          largest distance between basis sites:   0.70711 a.u.


                   spin-polarized calculation

                   SELFENERGY applied:NONE      


   number of lattice sites (NQ):   3

   site NL mesh MGAM MTET MPHI   RWS  CPA NOQ IT ELMT VAL CONC QREP SYMG eq.sit.
     1   3   1     0    0    0 3.2312  0   1                     1    1   1  2
                                               1 Fe     8 1.00
     2   3   1     0    0    0 3.2312  0   1                     1   15   1  2
                                               1 Fe     8 1.00
     3   3   2     0    0    0 3.2907  0   1                     3    1   3
                                               2 Al     3 1.00
   average                     3.2513          total   19.00

   KMROT:     0   no M-rotation          MOMENTS_ROTATED:  F
   QMVEC:   0.000  0.000  0.000



   number of atomic types  (NT):   2

   type TXTT   NL VAL COR mesh    RMT     RWS   NAT  CONC  on sites
     1  Fe      3   8  18   1   2.6481  3.2312   2  1.000   1  2
     2  Al      3   3  10   2   2.6968  3.2907   1  1.000   3




 mmmmmmmmmmmmmmmmmmmmmmmmmmmmmmmmmmmmmmmmmmmmmmmmmmmmmmmmmmmmmmmmmmmmmmmmmmmmmmm

          FULLY relativistic calculation 

          the  BREIT interaction  will be ignored

          the  ORBITAL POLARISATION  will be ignored

          solver for     spherical Dirac equation: BS           TOL = 2.0E-08
          solver for NON-spherical Dirac equation: BORN         TOL = 1.0E-10
                                                                LIM =      10

          solver for spherical equation:     BS        


          SWS =  3.251289     ALAT =  7.558905

          NQ =  3     NL =  3     NLM =   9   NQ*NLM =  27
                      NK =  5     NKM =  18     NKKR =  54     NLIN =  30

          POTFMTINP = 9     POTFMTOUT = 9
          RDTAU     = F
          WRTAU     = F
          PLOTPOT   = F     PLOTRHO   = F     PLOTSFN   = F
          PLOT2DPOT = F     PLOT2DRHO = F
          IPRINT    = 0     ITEST     = 0     WRMAT     = F
          INITELOOP = T     RUNELOOP  = T     SPLITSS   = F
          adjusted          BRAVAIS   = F
          symmetrized       BASIS     = F
          optimized         BASIS     = T
          NO_SYM for        HOST      = F     CLU       = F     LINRESP   = F
          symmetrize        MSS       = T     TAU       = F
                            RHO       = T     POT       = F
          LLOYD      = F
          GF_CONV_RH = T
          NONMAG     = F
          FULLPOT    = T
          FULLCHARGE = F

          TASK       = SCF       

          SYSDIM     = 3D        
          SYSTYPE    = BULK                          
          SUBSYSTEM  = BULK                          
          KKRMODE    = STANDARD-KKR                  

 eeeeeeeeeeeeeeeeeeeeeeeeeeeeeeeeeeeeeeeeeeeeeeeeeeeeeeeeeeeeeeeeeeeeeeeeeeeeeee

          energy path:  ARC IN COMPLEX PLANE                    
          energies  :          32
          E_min     :   -0.200000
          E_Fermi will be searched
  

 *******************************************************************************
                                   <STRINIT>
 *******************************************************************************

          parameters for calculation of structure constants:

          primitive vectors for Bravais lattice

            (   1.00000,   0.00000,   0.00000 )
            (   0.00000,   1.00000,   0.00000 )
            (   0.00000,   0.00000,   1.00000 )

          basis vectors in units of a

            (   0.00000,   0.00000,   0.00000 )
            (   0.50000,   0.50000,   0.00000 )
            (   0.00000,   0.50000,   0.50000 )

          primitive vectors of reciprocal space
                 in units of 2*pi/a

            (   1.00000,   0.00000,   0.00000 )
            (   0.00000,   1.00000,   0.00000 )
            (   0.00000,   0.00000,   1.00000 )

          number of inequivalent QQP-block-matrices  NQQP_STR     =       7
          reduced number of inequiv. block-matrices  NQQP_STR_RED =       4



          RMAX  =    3.8287          GMAX  =    2.8715
          RMAX1 =    0.7071          GMAX1 =    1.0000
          RA    =    4.5365          GA    =    2.8715

          NUMR  =        11          NUMG  =         7
          NRDL  =       347          NGRL  =       317

          for LMAX = 2    96 non-zero GAUNTS tabulated


 *******************************************************************************
            array sizes for calculation of structure constants
 *******************************************************************************
                                          used              available
          G-vectors table       NGRL       317        NGRLMAX     729
          R-vectors table       NRDL       347        NRDLMAX    2197
          R-vectors (max.)      SMAX       251        NSDL        251
          R-vectors (min.)      SMAX       236
          l-max + 1             NL           3        NLMAX         3
          sites                 NQ_STR       3        NQMAX         3
          q-q'-blocks           NQQP_STR     7        LIMIT         7
          auxilary array        R123MAX      4
          auxilary array        G123MAX      4
          Davis eq. (13)        J13MAX     113        LIMIT       300
          Davis eq. (22)        J22MAX      36        LIMIT       150
          Gaunts                LRGNT12     45
          Gaunts                LRGNT123    96
          Ewald parameter       ETA       0.24
 *******************************************************************************


          <INIT_MOD_STR>: section 1 of module MOD_STR initialized
          allocated        2162  integers        442900  reals (incl. complex)
          corresp. to         0  Mbytes               3  Mbytes


 ttttttttttttttttttttttttttttttttttttttttttttttttttttttttttttttttttttttttttttttt

          parameters for k-space integration:
          NWEDGE:   3  wedges:  1  5  9
          regular k-mesh used for point sampling

          k-vectors to start  NKPTS0             12000
          k-vectors full BZ   NKTAB_FULL_BZ      10648
          mesh parameters     NBGL                22   22   22
          k-vectors created   NKTAB                936
          array size (NKTABMAX)                   1080



          ****************************
          no CPA-iteration required
          ****************************


 fffffffffffffffffffffffffffffffffffffffffffffffffffffffffffffffffffffffffffffff

          FILES:

          potential :  ( 4) Fe2Al.pot
  

 *******************************************************************************
 *******************************************************************************
                                <FPPICKRULES>
                  find the full potential picking rules
 *******************************************************************************
 *******************************************************************************


          full potential parameters:
  
          atom type   1    Fe
          NFP    6    mesh IM     1
          LM     1 ( 0,  0)   7 ( 2,  0)   9 ( 2,  2)  21 ( 4,  0)  23 ( 4,  2)
                25 ( 4,  4)
  
          atom type   2    Al
          NFP    4    mesh IM     2
          LM     1 ( 0,  0)   7 ( 2,  0)  21 ( 4,  0)  25 ( 4,  4)

          <FPPICKRULES> done for MODE = SETUP


 *******************************************************************************
                                   <FPCOUPL>
 *******************************************************************************


          IT =  1   Fe

          LM     1 ( 0,  0)   7 ( 2,  0)   9 ( 2,  2)  21 ( 4,  0)  23 ( 4,  2)
                25 ( 4,  4)

          NBLK        4
          IBLKIKM     1  2  3  4  4  3  4  3  2  1  2  1  1  2  1  2  1  2
          ISOLIKM     6  6  3  3  2  2  1  1  5  5  4  4  3  3  2  2  1  1
  
          IBLK =  1  A    NSOL =  6    IKM:  17 15 13 12 10  1
          IBLK =  2  B    NSOL =  6    IKM:  18 16 14 11  9  2
          IBLK =  3  C    NSOL =  3    IKM:   8  6  3
          IBLK =  4  D    NSOL =  3    IKM:   7  5  4

          wave function coupling scheme

          #|   2|   4|   6   8|  10  12|  14  16  18|
           | 1  | 3  | 5   7  | 9  11  |13  15  17  |
         --|----|----|--------|--------|------------|
          1| A  |    |        |   A   A| A   A   A  |  1
          2|   B|    |        | B   B  |   B   B   B|  2
         --|----|----|--------|--------|------------|
          3|    | C  |   C   C|        |            |  3
          4|    |   D| D   D  |        |            |  4
         --|----|----|--------|--------|------------|
          5|    |   D| D   D  |        |            |  5
          6|    | C  |   C   C|        |            |  6
          7|    |   D| D   D  |        |            |  7
          8|    | C  |   C   C|        |            |  8
         --|----|----|--------|--------|------------|
          9|   B|    |        | B   B  |   B   B   B|  9
         10| A  |    |        |   A   A| A   A   A  | 10
         11|   B|    |        | B   B  |   B   B   B| 11
         12| A  |    |        |   A   A| A   A   A  | 12
         --|----|----|--------|--------|------------|
         13| A  |    |        |   A   A| A   A   A  | 13
         14|   B|    |        | B   B  |   B   B   B| 14
         15| A  |    |        |   A   A| A   A   A  | 15
         16|   B|    |        | B   B  |   B   B   B| 16
         17| A  |    |        |   A   A| A   A   A  | 17
         18|   B|    |        | B   B  |   B   B   B| 18
         --|----|----|--------|--------|------------|
           | 1  | 3  | 5   7  | 9  11  |13  15  17  |
          #|   2|   4|   6   8|  10  12|  14  16  18|
  

          IT =  2   Al

          LM     1 ( 0,  0)   7 ( 2,  0)  21 ( 4,  0)  25 ( 4,  4)

          NBLK        8
          IBLKIKM     1  2  3  4  5  3  4  6  7  1  2  8  8  7  1  2  8  7
          ISOLIKM     3  3  2  2  1  1  1  1  3  2  2  3  2  2  1  1  1  1
  
          IBLK =  1  A    NSOL =  3    IKM:  15 10  1
          IBLK =  2  B    NSOL =  3    IKM:  16 11  2
          IBLK =  3  C    NSOL =  2    IKM:   6  3
          IBLK =  4  D    NSOL =  2    IKM:   7  4
          IBLK =  5  E    NSOL =  1    IKM:   5
          IBLK =  6  F    NSOL =  1    IKM:   8
          IBLK =  7  G    NSOL =  3    IKM:  18 14  9
          IBLK =  8  H    NSOL =  3    IKM:  17 13 12

          wave function coupling scheme

          #|   2|   4|   6   8|  10  12|  14  16  18|
           | 1  | 3  | 5   7  | 9  11  |13  15  17  |
         --|----|----|--------|--------|------------|
          1| A  |    |        |   A    |     A      |  1
          2|   B|    |        |     B  |       B    |  2
         --|----|----|--------|--------|------------|
          3|    | C  |   C    |        |            |  3
          4|    |   D|     D  |        |            |  4
         --|----|----|--------|--------|------------|
          5|    |    | E      |        |            |  5
          6|    | C  |   C    |        |            |  6
          7|    |   D|     D  |        |            |  7
          8|    |    |       F|        |            |  8
         --|----|----|--------|--------|------------|
          9|    |    |        | G      |   G       G|  9
         10| A  |    |        |   A    |     A      | 10
         11|   B|    |        |     B  |       B    | 11
         12|    |    |        |       H| H       H  | 12
         --|----|----|--------|--------|------------|
         13|    |    |        |       H| H       H  | 13
         14|    |    |        | G      |   G       G| 14
         15| A  |    |        |   A    |     A      | 15
         16|   B|    |        |     B  |       B    | 16
         17|    |    |        |       H| H       H  | 17
         18|    |    |        | G      |   G       G| 18
         --|----|----|--------|--------|------------|
           | 1  | 3  | 5   7  | 9  11  |13  15  17  |
          #|   2|   4|   6   8|  10  12|  14  16  18|
  

          LHS_SOL_EQ_RHS_SOL = T




 *******************************************************************************
                            parameters for SCF-cycle
 *******************************************************************************
          pot-file  :  Fe2Al.pot_new
          XC-pot    :  VWN       
          SCF-alg   :  BROYDEN2  
          SCF-niter :          20
          SCF-mix   :          0.2000000000
          SCF-tol   :          0.0000100000
          BREIT-int :    F
          OP-scheme :  NONE      
          FULLPOT   :    T
          LLOYD     :    F
          NFCOR     :    F
          TETDEPPOT :    F


 *******************************************************************************
                                  <SCFMAD3D>
 *******************************************************************************

          set up Madelung matrix for 3D-bulk calculations

          NLVMAD =   5     NLMVMAD =  25
          NLQMAD =   5     NLMQMAD =  25



 *******************************************************************************
                                <SCFMAD3D_SMAT>
 *******************************************************************************

          calculate Madelung potential matrices 

          relative tolerance imposed   1.0E-12


          primitive vectors for Bravais lattice

            (   1.00000,   0.00000,   0.00000 )
            (   0.00000,   1.00000,   0.00000 )
            (   0.00000,   0.00000,   1.00000 )

          basis vectors in units of a

            (   0.00000,   0.00000,   0.00000 )
            (   0.50000,   0.50000,   0.00000 )
            (   0.00000,   0.50000,   0.50000 )

          primitive vectors of reciprocal space
                 in units of 2*pi/a

            (   0.83123,   0.00000,   0.00000 )
            (   0.00000,   0.83123,   0.00000 )
            (   0.00000,   0.00000,   0.83123 )

          summations converged after   1 updates for

          lattice constant    ALAT:   7.558904503347713
          RMAX:  30.23562     GMAX:   3.77039
          NUMR:         9     NUMG:        11



 *******************************************************************************
                                  <SCFINITPOT>
           setting up a starting potential and fixing the Fermi energy
 *******************************************************************************


     for atom Fe          Z =  26

     Level  Energy        Occ. Val.      R**2          R
      1S  -5.1323470E+02   2    1   4.6104849E-03   5.8552897E-02
      2S  -6.0187068E+01   2    1   8.4475162E-02   2.6737243E-01
      2P* -5.1987218E+01   2    1   6.7259956E-02   2.3372744E-01
      2P  -5.1072245E+01   4    1   6.8889631E-02   2.3677531E-01
      3S  -6.9685609E+00   2    1   7.6252887E-01   8.1217544E-01
      3P* -4.5771105E+00   2    1   8.5835773E-01   8.5222788E-01
      3P  -4.4629453E+00   4    1   8.7782147E-01   8.6183884E-01
      4S  -5.1014624E-01   2    1   1.1713829E+01   3.1494696E+00
      3D* -6.7184947E-01   4    1   1.7644599E+00   1.1381102E+00
      3D  -6.6059161E-01   2    1   1.7900279E+00   1.1455078E+00

     for atom Al          Z =  13

     Level  Energy        Occ. Val.      R**2          R
      1S  -1.1067001E+02   2    1   1.9597923E-02   1.2061615E-01
      2S  -8.0150597E+00   2    1   4.7473737E-01   6.2891542E-01
      2P* -5.2596133E+00   2    1   4.6279780E-01   6.0284218E-01
      2P  -5.2271710E+00   4    1   4.6612846E-01   6.0510359E-01
      3S  -6.6941520E-01   2    1   7.9267224E+00   2.5884733E+00
      3P* -3.1944812E-01   1    1   1.7837142E+01   3.8165238E+00

 *******************************************************************************
                                  <SCFINITRHO>
 *******************************************************************************

          initializing charge density  

     charge and spin moment from input and Mattheiss construction

                             Z-Q_el     Q(corr)      m_spin
     type  1 Fe       :     -0.3341      0.0089      2.1000
     type  2 Al       :     -0.3608     -0.0178      0.0000
     sum              :     -1.0289      0.0000      4.2000

     QION will be scaled by         1.0000

     charge neutrality      0.000000000000 els.


 *******************************************************************************
                     setting up new potential in <SCFNEWPOT>
 *******************************************************************************

      IT  JTOP   Z    QEL       DQT       DVCT     IQ    DQQ       VMAD  
       1   721  26  25.99110  -0.00890   0.00000    1  -0.00890   0.00531
       2   721  13  13.01780   0.01780  -0.00000    3   0.01780  -0.01062

 *******************************************************************************
          start potential set up using Mattheiss construction for  RHO
                    the corresponding ionicity has been used
 *******************************************************************************


 *******************************************************************************
          shift of muffin-tin zero  VMTZ  -0.645360
 *******************************************************************************



 *******************************************************************************
                                  <SCFCHKNVAL>
 *******************************************************************************

          fix core and semi-core states and lower boundary for valence band

          bottom of energy contour for band states  EMIN   =  -0.200
          lower limit for semi-core states          ESCBOT =  -0.200
          upper limit for core states               ECTOP  =  -3.827

          table of detected bound states  (ignoring exchange splitting)

          elmt  IT   Z   n  l   j        E (Ry)      NSH  NSUM  state  changed

          Fe     1  26   1  s  1/2    -512.807560     2     2    core     -
          Fe     1  26   2  s  1/2     -59.731243     2     4    core     -
          Fe     1  26   2  p  1/2     -51.537303
          Fe     1  26   2  p  3/2     -50.621726     6    10    core     -
          Fe     1  26   3  s  1/2      -6.345175     2    12    core     -
          Fe     1  26   3  p  1/2      -3.944214
          Fe     1  26   3  p  3/2      -3.827443     6    18    core     -

          Al     2  13   1  s  1/2    -109.734359     2     2    core     -
          Al     2  13   2  s  1/2      -7.051481     2     4    core     -
          Al     2  13   2  p  1/2      -4.298028
          Al     2  13   2  p  3/2      -4.265538     6    10    core     -



          searching the Fermi energy 

             1    E   -0.2000    0.0100    NOS    0.0295    DOS    2.9082
             2    E   -0.1797    0.0100    NOS    0.1118    DOS    4.0665
             3    E   -0.1595    0.0100    NOS    0.2433    DOS    6.4925
             4    E   -0.1392    0.0100    NOS    0.4939    DOS   12.3748
             5    E   -0.1190    0.0100    NOS    1.1203    DOS   30.9283
             6    E   -0.0987    0.0100    NOS    2.9135    DOS   88.5392
             7    E   -0.0785    0.0100    NOS    5.3544    DOS  120.5204
             8    E   -0.0582    0.0100    NOS    7.9661    DOS  128.9511
             9    E   -0.0380    0.0100    NOS    9.6434    DOS   82.8163
            10    E   -0.0177    0.0100    NOS   10.4680    DOS   40.7133
            11    E    0.0025    0.0100    NOS   11.2803    DOS   40.1072
            12    E    0.0228    0.0100    NOS   12.5215    DOS   61.2864
            13    E    0.0430    0.0100    NOS   14.5155    DOS   98.4524
            14    E    0.0633    0.0100    NOS   16.5376    DOS   99.8406
            15    E    0.0835    0.0100    NOS   18.7502    DOS  109.2495


 *******************************************************************************
          Fermi energy fixed by <SCFINITPOT>
          EFERMI =   0.086922 Ry    using DOS
          DOS written to file  Fe2Al_SCF_SCF_SCFSTART.dos
 *******************************************************************************


 *******************************************************************************
                                  <FPASASTART>
              starting  FULL POTENTIAL CALCULATION  using ASA data
 *******************************************************************************


          <SFNREAD>: shape function file Fe2Al_SCF.sfn  exists

          the shape functions have been read successfully
          from file: Fe2Al_SCF.sfn
          for meshes IM =   1  --  2
JRNS1(IM=2)=540 WAS EVEN !!! Now made odd, by adding 1 point

          radial mesh parameters:
           
          mesh   1
                                       DX =  0.02131032
                      JRNSMIN     1     R =  0.00000100
                      JRNS1     541     R =  0.09946627
                      JRMT      695     R =  2.64812767       2.64812767
          IPAN   0    JRCUT       0
          IPAN   1    JRCUT     695     R =  2.64812767       2.64812767
          IPAN   2    JRCUT     698     R =  2.67247632       2.67247632
          IPAN   3    JRCUT     707     R =  3.07194864       3.07194864
          IPAN   4    JRCUT     718     R =  3.74501807       3.74501807
          IPAN   5    JRCUT     721     R =  3.74517637       3.74517637
          IPAN   6    JRCUT     724     R =  3.77945225       3.77945225
          IPAN   7    JRCUT     745     R =  5.32065970
                      JRCRI     745     R =  5.32065970
                      NRNS      204
           
          shape functions:
          NSF   15    NRSFTOT    50
          LM     1 ( 0,  0)   7 ( 2,  0)   9 ( 2,  2)  21 ( 4,  0)  23 ( 4,  2)
                25 ( 4,  4)  43 ( 6,  0)  45 ( 6,  2)  47 ( 6,  4)  49 ( 6,  6)
                73 ( 8,  0)  75 ( 8,  2)  77 ( 8,  4)  79 ( 8,  6)  81 ( 8,  8)
           
          mesh   2
                                       DX =  0.02133658
                      JRNSMIN     1     R =  0.00000100
                      JRNS1     541     R =  0.10088662
                      JRMT      695     R =  2.69682496       2.69682496
          IPAN   0    JRCUT       0
          IPAN   1    JRCUT     695     R =  2.69682496       2.69682496
          IPAN   2    JRCUT     704     R =  3.11402524       3.11402524
          IPAN   3    JRCUT     715     R =  3.77945225       3.77945225
          IPAN   4    JRCUT     718     R =  3.77960911       3.77960911
          IPAN   5    JRCUT     721     R =  3.77976596       3.77976596
          IPAN   6    JRCUT     742     R =  5.34495263       5.34495263
          IPAN   7    JRCUT     745     R =  5.34506355
                      JRCRI     745     R =  5.34506355
                      NRNS      204
           
          shape functions:
          NSF    9    NRSFTOT    50
          LM     1 ( 0,  0)   7 ( 2,  0)  21 ( 4,  0)  25 ( 4,  4)  43 ( 6,  0)
                47 ( 6,  4)  73 ( 8,  0)  77 ( 8,  4)  81 ( 8,  8)

          atomic interstitial and cell volumes - only for comparison

          IM        IS (ASA)        AC (ASA)        IS (FP)         AC (FP)
           1        63.53071722    141.31765068     64.21035308    141.99705658
           2        67.10042259    149.25810712     65.74185732    147.89929532
          SUM      194.16185704    431.89340848    194.16256348    431.89340848
          VOLUC                    431.89340848                    431.89340848


 *******************************************************************************
          shift of muffin-tin zero  VMTZ   0.004499  for  ASA -> FP
 *******************************************************************************


          full potential parameters:
           
          atom type   1    Fe
          NFP    6    mesh IM     1
          LM     1 ( 0,  0)   7 ( 2,  0)   9 ( 2,  2)  21 ( 4,  0)  23 ( 4,  2)
                25 ( 4,  4)
           
          atom type   2    Al
          NFP    4    mesh IM     2
          LM     1 ( 0,  0)   7 ( 2,  0)  21 ( 4,  0)  25 ( 4,  4)

 *******************************************************************************
                    BROYDEN - mixing scheme for SCF - cycle

          broyden's method # 2 used
          iterationdepth to accumulate the jacobian:   40
          broyden used after   1 iteration different mix

          straight mixing factor used:       0.2000000
          parameter for broyden-update:      0.2000000
 *******************************************************************************



 *******************************************************************************
                                 <THERMAL_INIT>
 *******************************************************************************


     No. of displacements:           1
     mode to set dirs INIT_SVEC      0
     type-dependent  RMSU_SCALE      F
     Debye temperature:         411.33 [K]

     FLUCT_DIR_SETTING: not set   
     allowed input: SETFLUCT = M_T, MCS, RDLM, MLIN
     N_TEMP_LAT:                 1
     TEMP_LAT_MIN:           0.000
     TEMP_LAT_MAX:           0.000

       1 temperatures in the range  T =     0.00 --     0.00 [K]

     NO thermal lattice vibrations NOR spin fluctuations to deal with

     setting of parameters and array dimensions

     NVIBFLU  =     1      NT      =     2
     NVT      =     2      NVTMAX  =     2
     NFT      =     2      NFTMAX  =     2
     NVFT     =     2      NVFTMAX =     2


  ATOM   IT      :     1
  ATOMIC NUMBER  :    26

  IT          MUE  KAP ITER      ENERGY        B (k-Gauss)      <S_z>  
   1   1s1/2 -1/2  -1   6    -512.81139184     -2973220.157    -0.988
   1   1s1/2  1/2  -1   3    -512.81272120      2973201.909     0.988
                                                    -18.248     0.000

   1   2s1/2 -1/2  -1   7     -59.69838225      -276907.157    -0.998
   1   2s1/2  1/2  -1   3     -59.77317972       276486.551     0.998
                                                   -420.606     0.000

   1   2p3/2 -3/2  -2   8     -50.59697144       -46608.434    -0.997
   1   2p3/2 -1/2  -2   4     -50.61570531       -14768.034    -0.387
   1   2p1/2 -1/2   1   5     -51.55216074       -83402.976     0.385
   1   2p3/2  1/2  -2   4     -50.63519887        16438.437     0.275
   1   2p1/2  1/2   1   4     -51.53314101        81804.842    -0.273
   1   2p3/2  3/2  -2   3     -50.65555445        46537.530     0.997
                                                      1.365     0.000

   1   3s1/2 -1/2  -1  10      -6.27190069       -40848.095    -1.000
   1   3s1/2  1/2  -1   4      -6.42754327        41048.350     1.000
                                                    200.255    -0.000

   1   3p3/2 -3/2  -2  12      -3.75609499        -5946.595    -1.000
   1   3p3/2 -1/2  -2   5      -3.78017094        -1862.192    -0.866
   1   3p1/2 -1/2   1   5      -4.00074910       -10787.975     0.866
   1   3p3/2  1/2  -2   6      -3.81133544         6100.449    -0.717
   1   3p1/2  1/2   1   6      -3.96929017         6506.499     0.717
   1   3p3/2  3/2  -2   4      -3.90790747         5989.329     1.000
                                                     -0.485    -0.000

  ---------------------------------------------------------
                                                   -237.719
                                      (S)          -238.599
  *********************************************************


          integrated core charge density for atom type    1: 18.00000000
          integrated core  spin  density for atom type    1:  0.00000320

  ATOM   IT      :     2
  ATOMIC NUMBER  :    13

  IT          MUE  KAP ITER      ENERGY        B (k-Gauss)      <S_z>  
   2   1s1/2 -1/2  -1   6    -109.73885739      -340648.468    -0.997
   2   1s1/2  1/2  -1   1    -109.73885739       340648.468     0.997
                                                     -0.000     0.000

   2   2s1/2 -1/2  -1  12      -7.05599217       -23091.775    -1.000
   2   2s1/2  1/2  -1   1      -7.05599217        23091.775     1.000
                                                     -0.000     0.000

   2   2p3/2 -3/2  -2  18      -4.27004856        -3502.560    -1.000
   2   2p3/2 -1/2  -2   1      -4.27004856        -1167.520    -0.333
   2   2p1/2 -1/2   1   4      -4.30253877        -5940.578     0.333
   2   2p3/2  1/2  -2   1      -4.27004856         1167.520     0.333
   2   2p1/2  1/2   1   1      -4.30253877         5940.578    -0.333
   2   2p3/2  3/2  -2   1      -4.27004856         3502.560     1.000
                                                     -0.000    -0.000

  ---------------------------------------------------------
                                                     -0.000
                                      (S)            -0.000
  *********************************************************


          integrated core charge density for atom type    2: 10.00000000
          integrated core  spin  density for atom type    2:  0.00000000

 <SCF>:     TOTNOS       0.0000000000  TOTNOSX     18.7854681553
 <SCF>:     TOTDOSEF   127.2072441158  TOTDOSEFX  127.2072441158

 <CHRDNS>:  TOTNOS      18.7854681553  DQ          -0.2145318447
 <CHRDNS>:  TOTDOS     127.2072441158  TOTDOSX    127.2072441158


 *******************************************************************************

 SPRKKR-run for: System:

 results extrapolated to corrected Fermi energy:
 CHARGE MISFIT      -0.21453184 els.
 E_F CORRECTION      0.00168648
 NEW FERMI ENERGY    0.08410943


  33 E= 0.0841 0.0000          IT=   1  Fe      
         DOS      NOS     P_spin   m_spin    P_orb    m_orb     B_val      B_core
  s    1.6371   0.3949    0.2849   0.0170  -0.00001 -0.00000     0.00 s      0.00
  p    1.1798   0.2056    0.1656  -0.0034   0.05051 -0.00009     0.00 ns     0.00
  d   58.8614   8.4302  -58.0388   1.3679  -4.56606  0.27238     0.00 cor    0.00
 mix  -0.0587  -0.0498   -0.1163  -0.0032   0.00132  0.00031     0.00 v+c
 sum  61.6196   8.9809  -57.7046   1.3784  -4.51424  0.27260     0.00 v+c -237.72
 -------------------------------------------------------------------------------

  33 E= 0.0841 0.0000          IT=   2  Al      
         DOS      NOS     P_spin   m_spin    P_orb    m_orb     B_val      B_core
  s    1.4949   0.6472    1.0659  -0.0285  -0.00002  0.00000     0.00 s      0.00
  p    1.7922   0.3072   -0.2898  -0.0290   0.04558  0.00071     0.00 ns     0.00
  d    1.0581   0.1371   -0.8894  -0.0008   0.14661 -0.00163     0.00 cor    0.00
 mix  -0.3771  -0.0533    0.2064  -0.0106  -0.02525 -0.00000     0.00 v+c
 sum   3.9680   1.0381    0.0931  -0.0689   0.16693 -0.00092     0.00 v+c   -0.00
 -------------------------------------------------------------------------------
 TOT 127.2072  19.0000             2.6878            0.54428
 E_band        -0.39426149 [Ry]
 ===============================================================================
 IT   1  spin     DNS        1.3783582770
                  INT        1.3783585712     RAT   0.9999997865
 IT   2  spin     DNS       -0.0689051748
                  INT       -0.0689053033     RAT   0.9999981361

 ###############################################################################
                         integrals in <CHRDNS>  NOT OK
 ###############################################################################


 <FPCHRDNS>:  check integrals for RHO2NS from core solver

          IT =  1  CORE   CHR:    18.000000000000
          IT =  1  CORE   SPN:     0.000003197828
          IT =  2  CORE   CHR:    10.000000000000
          IT =  2  CORE   SPN:     0.000000000000

 *******************************************************************************
 *******************************************************************************
                   setting up new potential in <FPSCFNEWPOT>
 *******************************************************************************
 *******************************************************************************


 *******************************************************************************
                                 <RGNTSF_SETUP>
 *******************************************************************************

          for L1MAX =  4   L2MAX =  4   LSFMAX =  8
          number of Gaunt coefficients RGNTSF created:     375

     <SYMMETRIZE_FLMT_REP>  chr:  IT=  1   max rel diff =         0.0000000000
     <SYMMETRIZE_FLMT_REP>  chr:  IT=  2   max rel diff =         0.0000000000
     <SYMMETRIZE_FLMT_REP>  spn:  IT=  1   max rel diff =         0.0000000000
     <SYMMETRIZE_FLMT_REP>  spn:  IT=  2   max rel diff =         0.0000000000

     charge neutrality      0.000000000000 els.


     charge moments for atom type  IT =  1   Fe

     LM            muffin-tin                 interstitial            total
      1      26.51595  (   7.48001)       0.46498  (   0.13117)      26.98093
      7       0.00367  (   0.00103)       1.07448  (   0.30310)       1.07814
      9      -0.12061  (  -0.03402)       2.22777  (   0.62844)       2.10716
     21       0.23863  (   0.06732)     -18.28466  (  -5.15801)     -18.04603
     23      -0.14282  (  -0.04029)      49.76624  (  14.03880)      49.62341
     25      -0.22742  (  -0.06415)      23.48610  (   6.62531)      23.25868

     charge moments for atom type  IT =  2   Al

     LM            muffin-tin                 interstitial            total
      1      10.60423  (   2.99140)       0.43391  (   0.12240)      11.03814
      7       0.22802  (   0.06432)      -2.90414  (  -0.81924)      -2.67613
     21      -0.03626  (  -0.01023)      47.80078  (  13.48435)      47.76452
     25       0.03895  (   0.01099)     -58.48019  ( -16.49696)     -58.44124
  
     atom site IQ =  1  Q(netto) =   0.98093076 els.
     atom site IQ =  3  Q(netto) =  -1.96186151 els.

     charge moments for atom site  IQ =  1   (including  -Z)

     LM            muffin-tin                 interstitial            total
      1      26.51595                     0.46498                     0.98093
      7       0.00367                     1.07448                     1.07814
      9      -0.12061                     2.22777                     2.10716
     21       0.23863                   -18.28466                   -18.04603
     23      -0.14282                    49.76624                    49.62341
     25      -0.22742                    23.48610                    23.25868

     charge moments for atom site  IQ =  2   (including  -Z)

     LM            muffin-tin                 interstitial            total
      1      26.51595                     0.46498                     0.98093
      7       0.00367                     1.07448                     1.07814
      9       0.12061                    -2.22777                    -2.10716
     21       0.23863                   -18.28466                   -18.04603
     23       0.14282                   -49.76624                   -49.62341
     25      -0.22742                    23.48610                    23.25868

     charge moments for atom site  IQ =  3   (including  -Z)

     LM            muffin-tin                 interstitial            total
      1      10.60423                     0.43391                    -1.96186
      7       0.22802                    -2.90414                    -2.67613
     21      -0.03626                    47.80078                    47.76452
     25       0.03895                   -58.48019                   -58.44124

     atom type IT= 1  EPOTIN =  4103.52257314
          0:   4103.522573 1:      0.000000 2:      0.000000 3:      0.000000
          4:      0.000000

     atom type IT= 2  EPOTIN =   739.24345321
          0:    739.243453 1:      0.000000 2:      0.000000 3:      0.000000
          4:      0.000000

 *******************************************************************************
                                  total energies
 *******************************************************************************

 Fermi energy  0.084109 Ry

 contribution to total energy of atom type IT=  1   Fe

 core     s:  -1157.795119 p:   -328.814280 d:      0.000000 f:      0.000000
 valence  s:     -0.010265 p:     -0.000438 d:     -0.176148
 Coulomb  0:  -5042.790735 1:      0.000000 2:     -0.008928 3:      0.000000
          4:     -0.001808
 ex.-cor. 0:   -112.156197 1:      0.000000 2:      0.013163 3:      0.000000
          4:      0.002904

 sum of single particle energies:  -1486.7962496856
 total contribution of the atom:   -2538.2152777676

 contribution to total energy of atom type IT=  2   Al

 core     s:   -233.589699 p:    -25.685272 d:      0.000000 f:      0.000000
 valence  s:     -0.020658 p:      0.000561 d:     -0.000463
 Coulomb  0:   -929.058100 1:      0.000000 2:     -0.000953 3:      0.000000
          4:     -0.000624
 ex.-cor. 0:    -33.907847 1:      0.000000 2:      0.015464 3:      0.000000
          4:      0.002353

 sum of single particle energies:   -259.2955308397
 total contribution of the atom:    -483.0017842922

 total energy                      -5559.4323398274 Ry

 *******************************************************************************
          shift of muffin-tin zero  VMTZ  -0.366910
 *******************************************************************************

     rms-error for type  1:  V =  1.1372D+01     B =  1.7490D-01
     rms-error for type  2:  V =  7.7123D+00     B =  1.5864D-01
     iter.   1     average:  V =  1.1372D+01     B =  1.7490D-01

     execution time for last iteration        14.529 sec


 *******************************************************************************
   1 ERR 0.114E+02 0.175E+00 EF  0.08411  0.00169 D 127.207 M   2.6878   0.5443
     ETOT      -5559.43233983    SCF - cycle not converged  -  continue
 *******************************************************************************



 *******************************************************************************
                                  <SCFCHKNVAL>
 *******************************************************************************

          fix core and semi-core states and lower boundary for valence band

          bottom of energy contour for band states  EMIN   =  -0.200
          lower limit for semi-core states          ESCBOT =  -0.200
          upper limit for core states               ECTOP  =  -3.253

          table of detected bound states  (ignoring exchange splitting)

          elmt  IT   Z   n  l   j        E (Ry)      NSH  NSUM  state  changed

          Fe     1  26   1  s  1/2    -511.814751     2     2    core     -
          Fe     1  26   2  s  1/2     -58.788334     2     4    core     -
          Fe     1  26   2  p  1/2     -50.582622
          Fe     1  26   2  p  3/2     -49.668162     6    10    core     -
          Fe     1  26   3  s  1/2      -5.742791     2    12    core     -
          Fe     1  26   3  p  1/2      -3.363985
          Fe     1  26   3  p  3/2      -3.252907     6    18    core     -

          Al     2  13   1  s  1/2    -109.970783     2     2    core     -
          Al     2  13   2  s  1/2      -7.267081     2     4    core     -
          Al     2  13   2  p  1/2      -4.514321
          Al     2  13   2  p  3/2      -4.481730     6    10    core     -



  ATOM   IT      :     1
  ATOMIC NUMBER  :    26

  IT          MUE  KAP ITER      ENERGY        B (k-Gauss)      <S_z>  
   1   1s1/2 -1/2  -1   6    -511.81419533     -2973204.247    -0.988
   1   1s1/2  1/2  -1   3    -511.81530599      2973187.242     0.988
                                                    -17.005     0.000

   1   2s1/2 -1/2  -1   7     -58.75263430      -276568.119    -0.998
   1   2s1/2  1/2  -1   3     -58.82405712       276166.980     0.998
                                                   -401.139     0.000

   1   2p3/2 -3/2  -2   8     -49.64021583       -46552.359    -0.997
   1   2p3/2 -1/2  -2   4     -49.65813049       -14781.013    -0.384
   1   2p1/2 -1/2   1   5     -50.59245267       -83280.065     0.383
   1   2p3/2  1/2  -2   4     -49.67674020        16375.305     0.277
   1   2p1/2  1/2   1   4     -50.57429616        81754.854    -0.276
   1   2p3/2  3/2  -2   3     -49.69613420        46484.590     0.998
                                                      1.313     0.000

   1   3s1/2 -1/2  -1  10      -5.67015306       -39511.852    -1.000
   1   3s1/2  1/2  -1   4      -5.81545032        39718.994     1.000
                                                    207.142    -0.000

   1   3p3/2 -3/2  -2  13      -3.18253584        -5655.077    -1.000
   1   3p3/2 -1/2  -2   5      -3.20517934        -1759.870    -0.862
   1   3p1/2 -1/2   1   5      -3.41192232       -10291.873     0.862
   1   3p3/2  1/2  -2   6      -3.23453525         5731.381    -0.705
   1   3p1/2  1/2   1   6      -3.38225438         6274.205     0.705
   1   3p3/2  3/2  -2   4      -3.32333309         5700.728     1.000
                                                     -0.505    -0.000

  ---------------------------------------------------------
                                                   -210.195
                                      (S)          -211.003
  *********************************************************


          integrated core charge density for atom type    1: 18.00000000
          integrated core  spin  density for atom type    1: -0.00000226

  ATOM   IT      :     2
  ATOMIC NUMBER  :    13

  IT          MUE  KAP ITER      ENERGY        B (k-Gauss)      <S_z>  
   2   1s1/2 -1/2  -1   6    -109.97082992      -340663.240    -0.997
   2   1s1/2  1/2  -1   2    -109.97073701       340663.203     0.997
                                                     -0.037    -0.000

   2   2s1/2 -1/2  -1  11      -7.26714643       -23134.648    -1.000
   2   2s1/2  1/2  -1   3      -7.26701578        23134.831     1.000
                                                      0.183    -0.000

   2   2p3/2 -3/2  -2  17      -4.48180694        -3512.707    -1.000
   2   2p3/2 -1/2  -2   4      -4.48175574        -1175.553    -0.329
   2   2p1/2 -1/2   1   5      -4.51429560        -5953.068     0.329
   2   2p3/2  1/2  -2   3      -4.48170469         1166.337     0.337
   2   2p1/2  1/2   1   3      -4.51434645         5962.211    -0.337
   2   2p3/2  3/2  -2   3      -4.48165380         3512.780     1.000
                                                      0.000    -0.000

  ---------------------------------------------------------
                                                      0.146
                                      (S)             0.146
  *********************************************************


          integrated core charge density for atom type    2: 10.00000000
          integrated core  spin  density for atom type    2:  0.00000006

 <SCF>:     TOTNOS       0.0000000000  TOTNOSX      2.0494455935
 <SCF>:     TOTDOSEF     6.1794508154  TOTDOSEFX    6.1794508154

 <CHRDNS>:  TOTNOS       2.0494455935  DQ         -16.9505544065
 <CHRDNS>:  TOTDOS       6.1794508154  TOTDOSX      6.1794508154


 *******************************************************************************

 SPRKKR-run for: System:

 results extrapolated to corrected Fermi energy:
 CHARGE MISFIT     -16.95055441 els.
 E_F CORRECTION      2.74305192
 NEW FERMI ENERGY    2.82716134


  33 E= 2.8272 0.0000          IT=   1  Fe      
         DOS      NOS     P_spin   m_spin    P_orb    m_orb     B_val      B_core
  s    0.7203   2.2266    0.1506   0.4267  -0.00000 -0.00001     0.00 s      0.00
  p    0.3658   1.1795   -0.0056  -0.0128  -0.00013 -0.00037     0.00 ns     0.00
  d    0.7069   2.0167    0.1486   0.4194  -0.00139 -0.00392     0.00 cor    0.00
 mix  -0.3033  -0.8942    0.0013  -0.0008   0.00010  0.00028     0.00 v+c
 sum   1.4896   4.5286    0.2949   0.8326  -0.00142 -0.00402     0.00 v+c -210.19
 -------------------------------------------------------------------------------

  33 E= 2.8272 0.0000          IT=   2  Al      
         DOS      NOS     P_spin   m_spin    P_orb    m_orb     B_val      B_core
  s    2.5020   7.9461   -0.1761  -0.4765   0.00000  0.00001     0.00 s      0.00
  p    0.7989   2.2807    0.2238   0.6217   0.00018  0.00050     0.00 ns     0.00
  d    0.0352   0.1102    0.0075   0.0214   0.00002  0.00006     0.00 cor    0.00
 mix  -0.1359  -0.3941    0.0006  -0.0030   0.00004  0.00011     0.00 v+c
 sum   3.2002   9.9428    0.0558   0.1636   0.00025  0.00068     0.00 v+c    0.15
 -------------------------------------------------------------------------------
 TOT   6.1795  19.0000             1.8288           -0.00736
 E_band         1.44862719 [Ry]
 ===============================================================================
 IT   1  spin     DNS        0.8326056317
                  INT        0.8326139811     RAT   0.9999899721
 IT   2  spin     DNS        0.1635801022
                  INT        0.1635772869     RAT   1.0000172112

 ###############################################################################
                         integrals in <CHRDNS>  NOT OK
 ###############################################################################


 <FPCHRDNS>:  check integrals for RHO2NS from core solver

          IT =  1  CORE   CHR:    18.000000000000
          IT =  1  CORE   SPN:    -0.000002264572
          IT =  2  CORE   CHR:    10.000000000000
          IT =  2  CORE   SPN:     0.000000056468
 *******************************************************************************
 maximum  E_F CORRECTION  exceeded
 NEW E_F CORRECTION  0.10000
 NEW FERMI ENERGY    0.18411


 *******************************************************************************
 *******************************************************************************
                   setting up new potential in <FPSCFNEWPOT>
 *******************************************************************************
 *******************************************************************************

     <SYMMETRIZE_FLMT_REP>  chr:  IT=  1   max rel diff =         0.0000000000
     <SYMMETRIZE_FLMT_REP>  chr:  IT=  2   max rel diff =         0.0000000000
     <SYMMETRIZE_FLMT_REP>  spn:  IT=  1   max rel diff =         0.0000000000
     <SYMMETRIZE_FLMT_REP>  spn:  IT=  2   max rel diff =         0.0000000000

     charge neutrality      0.000000000000 els.


     charge moments for atom type  IT =  1   Fe

     LM            muffin-tin                 interstitial            total
      1      20.76085  (   5.85653)       1.76775  (   0.49867)      22.52860
      7      -0.19457  (  -0.05489)       4.83287  (   1.36333)       4.63831
      9      -3.70612  (  -1.04548)       4.58845  (   1.29438)       0.88233
     21      -5.34183  (  -1.50690)     -61.87037  ( -17.45331)     -67.21220
     23      -6.46999  (  -1.82515)     191.24467  (  53.94913)     184.77468
     25       0.65335  (   0.18431)      75.98551  (  21.43512)      76.63886

     charge moments for atom type  IT =  2   Al

     LM            muffin-tin                 interstitial            total
      1      17.59224  (   4.96268)       2.35055  (   0.66308)      19.94280
      7       3.58988  (   1.01269)      -6.93121  (  -1.95526)      -3.34133
     21       0.24871  (   0.07016)     160.25675  (  45.20759)     160.50546
     25       0.05753  (   0.01623)    -142.72631  ( -40.26235)    -142.66879
  
     atom site IQ =  1  Q(netto) =  -3.47139778 els.
     atom site IQ =  3  Q(netto) =   6.94279557 els.

     charge moments for atom site  IQ =  1   (including  -Z)

     LM            muffin-tin                 interstitial            total
      1      20.76085                     1.76775                    -3.47140
      7      -0.19457                     4.83287                     4.63831
      9      -3.70612                     4.58845                     0.88233
     21      -5.34183                   -61.87037                   -67.21220
     23      -6.46999                   191.24467                   184.77468
     25       0.65335                    75.98551                    76.63886

     charge moments for atom site  IQ =  2   (including  -Z)

     LM            muffin-tin                 interstitial            total
      1      20.76085                     1.76775                    -3.47140
      7      -0.19457                     4.83287                     4.63831
      9       3.70612                    -4.58845                    -0.88233
     21      -5.34183                   -61.87037                   -67.21220
     23       6.46999                  -191.24467                  -184.77468
     25       0.65335                    75.98551                    76.63886

     charge moments for atom site  IQ =  3   (including  -Z)

     LM            muffin-tin                 interstitial            total
      1      17.59224                     2.35055                     6.94280
      7       3.58988                    -6.93121                    -3.34133
     21       0.24871                   160.25675                   160.50546
     25       0.05753                  -142.72631                  -142.66879

     atom type IT= 1  EPOTIN =  3966.76110495
          0:   3966.678781 1:      0.000000 2:      0.067543 3:      0.000000
          4:      0.014781

     atom type IT= 2  EPOTIN =   765.23308549
          0:    765.238578 1:      0.000000 2:     -0.005676 3:      0.000000
          4:      0.000184

 *******************************************************************************
                                  total energies
 *******************************************************************************

 Fermi energy  0.184109 Ry

 contribution to total energy of atom type IT=  1   Fe

 core     s:  -1152.691796 p:   -319.577730 d:      0.000000 f:      0.000000
 valence  s:      0.147006 p:      0.083332 d:      0.128811
 Coulomb  0:  -4924.578947 1:      0.000000 2:      0.237788 3:      0.000000
          4:     -0.110450
 ex.-cor. 0:    -96.974139 1:      0.000000 2:      0.201779 3:      0.000000
          4:      0.128161

 sum of single particle energies:  -1471.9103767097
 total contribution of the atom:   -2526.2450795500

 contribution to total energy of atom type IT=  2   Al

 core     s:   -234.475729 p:    -26.955563 d:      0.000000 f:      0.000000
 valence  s:      0.548816 p:      0.167447 d:      0.014065
 Coulomb  0:   -943.963829 1:      0.000000 2:     -0.348176 3:      0.000000
          4:      0.010234
 ex.-cor. 0:    -42.530447 1:      0.000000 2:      0.175264 3:      0.000000
          4:     -0.006686

 sum of single particle energies:   -260.7009635798
 total contribution of the atom:    -482.1315182422

 total energy                      -5534.6216773422 Ry

 *******************************************************************************
          shift of muffin-tin zero  VMTZ  -0.502367
 *******************************************************************************

     rms-error for type  1:  V =  3.2235D+01     B =  9.0404D-01
     rms-error for type  2:  V =  4.4905D+01     B =  8.6951D-01
     iter.   2     average:  V =  4.4905D+01     B =  9.0404D-01

     execution time for last iteration        11.516 sec


 *******************************************************************************
   2 ERR 0.449E+02 0.904E+00 EF  0.18411  0.10000 D   6.179 M   1.8288  -0.0074
     ETOT      -5534.62167734    SCF - cycle not converged  -  continue
 *******************************************************************************



 *******************************************************************************
                                  <SCFCHKNVAL>
 *******************************************************************************

          fix core and semi-core states and lower boundary for valence band

          bottom of energy contour for band states  EMIN   =  -0.200
          lower limit for semi-core states          ESCBOT =  -0.200
          upper limit for core states               ECTOP  =  -3.479

          table of detected bound states  (ignoring exchange splitting)

          elmt  IT   Z   n  l   j        E (Ry)      NSH  NSUM  state  changed

          Fe     1  26   1  s  1/2    -512.166123     2     2    core     -
          Fe     1  26   2  s  1/2     -59.125732     2     4    core     -
          Fe     1  26   2  p  1/2     -50.923379
          Fe     1  26   2  p  3/2     -50.008597     6    10    core     -
          Fe     1  26   3  s  1/2      -5.978350     2    12    core     -
          Fe     1  26   3  p  1/2      -3.592147
          Fe     1  26   3  p  3/2      -3.479289     6    18    core     -

          Al     2  13   1  s  1/2    -109.833952     2     2    core     -
          Al     2  13   2  s  1/2      -7.156117     2     4    core     -
          Al     2  13   2  p  1/2      -4.402068
          Al     2  13   2  p  3/2      -4.369577     6    10    core     -



  ATOM   IT      :     1
  ATOMIC NUMBER  :    26

  IT          MUE  KAP ITER      ENERGY        B (k-Gauss)      <S_z>  
   1   1s1/2 -1/2  -1   6    -512.16556853     -2973207.705    -0.988
   1   1s1/2  1/2  -1   3    -512.16667698      2973191.566     0.988
                                                    -16.139     0.000

   1   2s1/2 -1/2  -1   7     -59.09107306      -276658.320    -0.998
   1   2s1/2  1/2  -1   3     -59.16041310       276268.871     0.998
                                                   -389.448     0.000

   1   2p3/2 -3/2  -2   8     -49.98146968       -46567.116    -0.997
   1   2p3/2 -1/2  -2   4     -49.99887962       -14805.541    -0.383
   1   2p1/2 -1/2   1   5     -50.93290086       -83288.755     0.382
   1   2p3/2  1/2  -2   4     -50.01694549        16352.923     0.279
   1   2p1/2  1/2   1   4     -50.91527486        81808.425    -0.278
   1   2p3/2  3/2  -2   3     -50.03574886        46501.338     0.998
                                                      1.274     0.000

   1   3s1/2 -1/2  -1  10      -5.90758098       -39926.602    -1.000
   1   3s1/2  1/2  -1   4      -6.04913918        40124.441     1.000
                                                    197.839    -0.000

   1   3p3/2 -3/2  -2  12      -3.41058502        -5747.216    -1.000
   1   3p3/2 -1/2  -2   5      -3.43320417        -1769.769    -0.855
   1   3p1/2 -1/2   1   4      -3.63842471       -10468.194     0.855
   1   3p3/2  1/2  -2   6      -3.46258271         5700.403    -0.686
   1   3p1/2  1/2   1   6      -3.60875161         6494.063     0.686
   1   3p3/2  3/2  -2   4      -3.54803886         5790.215     1.000
                                                     -0.498    -0.000

  ---------------------------------------------------------
                                                   -206.972
                                      (S)          -207.748
  *********************************************************


          integrated core charge density for atom type    1: 18.00000000
          integrated core  spin  density for atom type    1: -0.00000079

  ATOM   IT      :     2
  ATOMIC NUMBER  :    13

  IT          MUE  KAP ITER      ENERGY        B (k-Gauss)      <S_z>  
   2   1s1/2 -1/2  -1   6    -109.83403894      -340644.916    -0.997
   2   1s1/2  1/2  -1   3    -109.83386459       340644.133     0.997
                                                     -0.783     0.000

   2   2s1/2 -1/2  -1  12      -7.15622670       -23091.935    -1.000
   2   2s1/2  1/2  -1   3      -7.15600655        23092.252     1.000
                                                      0.317    -0.000

   2   2p3/2 -3/2  -2  17      -4.36968943        -3502.681    -1.000
   2   2p3/2 -1/2  -2   3      -4.36961416        -1174.412    -0.327
   2   2p1/2 -1/2   1   5      -4.40203079        -5934.077     0.327
   2   2p3/2  1/2  -2   3      -4.36953923         1160.884     0.339
   2   2p1/2  1/2   1   3      -4.40210534         5947.478    -0.339
   2   2p3/2  3/2  -2   3      -4.36946465         3502.808     1.000
                                                      0.000    -0.000

  ---------------------------------------------------------
                                                     -0.465
                                      (S)            -0.465
  *********************************************************


          integrated core charge density for atom type    2: 10.00000000
          integrated core  spin  density for atom type    2:  0.00000006

 <SCF>:     TOTNOS       0.0000000000  TOTNOSX      5.9977562474
 <SCF>:     TOTDOSEF    83.2352293367  TOTDOSEFX   83.2352293367

 <CHRDNS>:  TOTNOS       5.9977562474  DQ         -13.0022437526
 <CHRDNS>:  TOTDOS      83.2352293367  TOTDOSX     83.2352293367


 *******************************************************************************

 SPRKKR-run for: System:

 results extrapolated to corrected Fermi energy:
 CHARGE MISFIT     -13.00224375 els.
 E_F CORRECTION      0.15621082
 NEW FERMI ENERGY    0.34032025


  33 E= 0.3403 0.0000          IT=   1  Fe      
         DOS      NOS     P_spin   m_spin    P_orb    m_orb     B_val      B_core
  s    2.0987   0.8815   -0.7128  -0.0629   0.00002  0.00000     0.00 s      0.00
  p    2.3496   0.6974    0.4214   0.1055   0.04896  0.00974     0.00 ns     0.00
  d   33.4396   6.6165   29.3925   5.7484  -4.08248 -0.78634     0.00 cor    0.00
 mix  -0.3974  -0.1526   -0.1989  -0.0443   0.04402  0.00786     0.00 v+c
 sum  37.4907   8.0429   28.9022   5.7468  -3.98949 -0.76875     0.00 v+c -206.97
 -------------------------------------------------------------------------------

  33 E= 0.3403 0.0000          IT=   2  Al      
         DOS      NOS     P_spin   m_spin    P_orb    m_orb     B_val      B_core
  s    1.0759   1.2301   -0.6003  -0.1072   0.00002  0.00000     0.00 s      0.00
  p    6.1191   1.4898    1.2016   0.3104  -0.00228  0.00366     0.00 ns     0.00
  d    1.2643   0.2775    0.7031   0.1499   0.03998  0.00735     0.00 cor    0.00
 mix  -0.2053  -0.0831   -0.0662  -0.0175  -0.02874 -0.00412     0.00 v+c
 sum   8.2539   2.9142    1.2382   0.3355   0.00898  0.00689     0.00 v+c   -0.47
 -------------------------------------------------------------------------------
 TOT  83.2352  19.0000            11.8292           -1.53060
 E_band         2.95295077 [Ry]
 ===============================================================================
 IT   1  spin     DNS        5.7468303712
                  INT        5.7468292578     RAT   1.0000001937
 IT   2  spin     DNS        0.3355357524
                  INT        0.3355349738     RAT   1.0000023203

 ###############################################################################
                         integrals in <CHRDNS>  NOT OK
 ###############################################################################


 <FPCHRDNS>:  check integrals for RHO2NS from core solver

          IT =  1  CORE   CHR:    18.000000000000
          IT =  1  CORE   SPN:    -0.000000794178
          IT =  2  CORE   CHR:    10.000000000000
          IT =  2  CORE   SPN:     0.000000055074
 *******************************************************************************
 maximum  E_F CORRECTION  exceeded
 NEW E_F CORRECTION  0.10000
 NEW FERMI ENERGY    0.28411


 *******************************************************************************
 *******************************************************************************
                   setting up new potential in <FPSCFNEWPOT>
 *******************************************************************************
 *******************************************************************************

     <SYMMETRIZE_FLMT_REP>  chr:  IT=  1   max rel diff =         0.0000000000
     <SYMMETRIZE_FLMT_REP>  chr:  IT=  2   max rel diff =         0.0000000000
     <SYMMETRIZE_FLMT_REP>  spn:  IT=  1   max rel diff =         0.0000000000
     <SYMMETRIZE_FLMT_REP>  spn:  IT=  2   max rel diff =         0.0000000000

     charge neutrality     -0.000000000000 els.


     charge moments for atom type  IT =  1   Fe

     LM            muffin-tin                 interstitial            total
      1      24.91071  (   7.02718)       1.13218  (   0.31938)      26.04289
      7      -0.54246  (  -0.15303)       2.70484  (   0.76302)       2.16237
      9      -0.20892  (  -0.05894)       5.80428  (   1.63736)       5.59536
     21       0.73012  (   0.20596)     -43.70893  ( -12.33006)     -42.97881
     23      -3.37467  (  -0.95198)     121.37694  (  34.23980)     118.00227
     25      -3.23847  (  -0.91356)      58.22710  (  16.42556)      54.98863

     charge moments for atom type  IT =  2   Al

     LM            muffin-tin                 interstitial            total
      1      11.79950  (   3.32858)       1.11472  (   0.31446)      12.91422
      7       0.63584  (   0.17937)      -6.85447  (  -1.93361)      -6.21862
     21       0.09490  (   0.02677)     110.35915  (  31.13174)     110.45405
     25      -0.01974  (  -0.00557)    -128.38095  ( -36.21560)    -128.40070
  
     atom site IQ =  1  Q(netto) =   0.04289144 els.
     atom site IQ =  3  Q(netto) =  -0.08578288 els.

     charge moments for atom site  IQ =  1   (including  -Z)

     LM            muffin-tin                 interstitial            total
      1      24.91071                     1.13218                     0.04289
      7      -0.54246                     2.70484                     2.16237
      9      -0.20892                     5.80428                     5.59536
     21       0.73012                   -43.70893                   -42.97881
     23      -3.37467                   121.37694                   118.00227
     25      -3.23847                    58.22710                    54.98863

     charge moments for atom site  IQ =  2   (including  -Z)

     LM            muffin-tin                 interstitial            total
      1      24.91071                     1.13218                     0.04289
      7      -0.54246                     2.70484                     2.16237
      9       0.20892                    -5.80428                    -5.59536
     21       0.73012                   -43.70893                   -42.97881
     23       3.37467                  -121.37694                  -118.00227
     25      -3.23847                    58.22710                    54.98863

     charge moments for atom site  IQ =  3   (including  -Z)

     LM            muffin-tin                 interstitial            total
      1      11.79950                     1.11472                    -0.08578
      7       0.63584                    -6.85447                    -6.21862
     21       0.09490                   110.35915                   110.45405
     25      -0.01974                  -128.38095                  -128.40070

     atom type IT= 1  EPOTIN =  4043.09821031
          0:   4043.088369 1:      0.000000 2:      0.005716 3:      0.000000
          4:      0.004125

     atom type IT= 2  EPOTIN =   743.53054879
          0:    743.526892 1:      0.000000 2:      0.004102 3:      0.000000
          4:     -0.000445

 *******************************************************************************
                                  total energies
 *******************************************************************************

 Fermi energy  0.284109 Ry

 contribution to total energy of atom type IT=  1   Fe

 core     s:  -1154.540452 p:   -322.982806 d:      0.000000 f:      0.000000
 valence  s:      0.074995 p:      0.086921 d:      1.161712
 Coulomb  0:  -5001.475722 1:      0.000000 2:     -0.030431 3:      0.000000
          4:      0.001671
 ex.-cor. 0:   -106.853431 1:      0.000000 2:      0.034754 3:      0.000000
          4:     -0.009242

 sum of single particle energies:  -1476.1996309010
 total contribution of the atom:   -2541.4338206597

 contribution to total energy of atom type IT=  2   Al

 core     s:   -233.980137 p:    -26.282444 d:      0.000000 f:      0.000000
 valence  s:      0.031194 p:      0.230210 d:      0.044292
 Coulomb  0:   -932.151477 1:      0.000000 2:     -0.033397 3:      0.000000
          4:      0.002973
 ex.-cor. 0:    -35.229769 1:      0.000000 2:      0.038390 3:      0.000000
          4:     -0.003635

 sum of single particle energies:   -259.9568843964
 total contribution of the atom:    -483.8032507183

 total energy                      -5566.6708920378 Ry

 *******************************************************************************
          shift of muffin-tin zero  VMTZ  -0.400734
 *******************************************************************************

     rms-error for type  1:  V =  1.6874D+01     B =  8.7138D-01
     rms-error for type  2:  V =  1.8880D+01     B =  8.4022D-01
     iter.   3     average:  V =  1.8880D+01     B =  8.7138D-01

     execution time for last iteration        11.437 sec


 *******************************************************************************
   3 ERR 0.189E+02 0.871E+00 EF  0.28411  0.10000 D  83.235 M  11.8292  -1.5306
     ETOT      -5566.67089204    SCF - cycle not converged  -  continue
 *******************************************************************************



 *******************************************************************************
                                  <SCFCHKNVAL>
 *******************************************************************************

          fix core and semi-core states and lower boundary for valence band

          bottom of energy contour for band states  EMIN   =  -0.200
          lower limit for semi-core states          ESCBOT =  -0.200
          upper limit for core states               ECTOP  =  -3.529

          table of detected bound states  (ignoring exchange splitting)

          elmt  IT   Z   n  l   j        E (Ry)      NSH  NSUM  state  changed

          Fe     1  26   1  s  1/2    -512.254156     2     2    core     -
          Fe     1  26   2  s  1/2     -59.202385     2     4    core     -
          Fe     1  26   2  p  1/2     -51.001976
          Fe     1  26   2  p  3/2     -50.087016     6    10    core     -
          Fe     1  26   3  s  1/2      -6.028866     2    12    core     -
          Fe     1  26   3  p  1/2      -3.642192
          Fe     1  26   3  p  3/2      -3.529121     6    18    core     -

          Al     2  13   1  s  1/2    -109.965650     2     2    core     -
          Al     2  13   2  s  1/2      -7.281685     2     4    core     -
          Al     2  13   2  p  1/2      -4.527673
          Al     2  13   2  p  3/2      -4.495151     6    10    core     -



  ATOM   IT      :     1
  ATOMIC NUMBER  :    26

  IT          MUE  KAP ITER      ENERGY        B (k-Gauss)      <S_z>  
   1   1s1/2 -1/2  -1   6    -512.25346749     -2973224.147    -0.988
   1   1s1/2  1/2  -1   3    -512.25484460      2973201.903     0.988
                                                    -22.243     0.000

   1   2s1/2 -1/2  -1   7     -59.15584000      -276772.684    -0.998
   1   2s1/2  1/2  -1   3     -59.24897057       276245.521     0.998
                                                   -527.163     0.000

   1   2p3/2 -3/2  -2   8     -50.05061427       -46587.064    -0.997
   1   2p3/2 -1/2  -2   4     -50.07367569       -14596.615    -0.399
   1   2p1/2 -1/2   1   5     -51.01506382       -83503.315     0.398
   1   2p3/2  1/2  -2   4     -50.09789287        16675.741     0.260
   1   2p1/2  1/2   1   4     -50.99144079        81514.749    -0.259
   1   2p3/2  3/2  -2   3     -50.12346254        46498.209     0.998
                                                      1.704     0.000

   1   3s1/2 -1/2  -1  10      -5.93160187       -39954.619    -1.000
   1   3s1/2  1/2  -1   4      -6.12615783        40206.078     1.000
                                                    251.458    -0.000

   1   3p3/2 -3/2  -2  12      -3.43444446        -5752.085    -1.000
   1   3p3/2 -1/2  -2   5      -3.46010862        -1935.562    -0.905
   1   3p1/2 -1/2   1   5      -3.71146106       -10330.513     0.905
   1   3p3/2  1/2  -2   6      -3.49267848         6625.651    -0.819
   1   3p1/2  1/2   1   6      -3.67851710         5585.391     0.819
   1   3p3/2  3/2  -2   4      -3.62386870         5806.506     1.000
                                                     -0.612    -0.000

  ---------------------------------------------------------
                                                   -296.856
                                      (S)          -297.948
  *********************************************************


          integrated core charge density for atom type    1: 18.00000000
          integrated core  spin  density for atom type    1:  0.00000450

  ATOM   IT      :     2
  ATOMIC NUMBER  :    13

  IT          MUE  KAP ITER      ENERGY        B (k-Gauss)      <S_z>  
   2   1s1/2 -1/2  -1   6    -109.96568356      -340653.413    -0.997
   2   1s1/2  1/2  -1   2    -109.96561732       340651.415     0.997
                                                     -1.998     0.000

   2   2s1/2 -1/2  -1  11      -7.28171556       -23106.334    -1.000
   2   2s1/2  1/2  -1   3      -7.28165378        23106.783     1.000
                                                      0.449    -0.000

   2   2p3/2 -3/2  -2  17      -4.49514716        -3505.965    -1.000
   2   2p3/2 -1/2  -2   3      -4.49514950        -1168.458    -0.333
   2   2p1/2 -1/2   1   5      -4.52767486        -5946.634     0.333
   2   2p3/2  1/2  -2   3      -4.49515183         1168.895     0.333
   2   2p1/2  1/2   1   3      -4.52767207         5946.067    -0.333
   2   2p3/2  3/2  -2   2      -4.49515416         3506.094     1.000
                                                     -0.001     0.000

  ---------------------------------------------------------
                                                     -1.550
                                      (S)            -1.549
  *********************************************************


          integrated core charge density for atom type    2: 10.00000000
          integrated core  spin  density for atom type    2: -0.00000010

 <SCF>:     TOTNOS       0.0000000000  TOTNOSX     17.9994604295
 <SCF>:     TOTDOSEF    65.0016843389  TOTDOSEFX   65.0016843389

 <CHRDNS>:  TOTNOS      17.9994604295  DQ          -1.0005395705
 <CHRDNS>:  TOTDOS      65.0016843389  TOTDOSX     65.0016843389


 *******************************************************************************

 SPRKKR-run for: System:

 results extrapolated to corrected Fermi energy:
 CHARGE MISFIT      -1.00053957 els.
 E_F CORRECTION      0.01539252
 NEW FERMI ENERGY    0.29950195


  33 E= 0.2995 0.0000          IT=   1  Fe      
         DOS      NOS     P_spin   m_spin    P_orb    m_orb     B_val      B_core
  s    0.6809   0.7463    0.2415   0.0068  -0.00001 -0.00000     0.00 s      0.00
  p    2.8824   0.7043   -0.7881   0.0235   0.03017 -0.00168     0.00 ns     0.00
  d   25.7869   6.8298  -22.9972   2.6755   3.28927  0.17467     0.00 cor    0.00
 mix   0.0524  -0.1672   -0.0041   0.0351   0.29511  0.00484     0.00 v+c
 sum  29.4026   8.1132  -23.5478   2.7410   3.61454  0.17783     0.00 v+c -296.86
 -------------------------------------------------------------------------------

  33 E= 0.2995 0.0000          IT=   2  Al      
         DOS      NOS     P_spin   m_spin    P_orb    m_orb     B_val      B_core
  s    0.5370   1.2075    0.4444  -0.0390  -0.00001  0.00000     0.00 s      0.00
  p    4.2173   1.3564   -1.4637  -0.1595   0.26417  0.00362     0.00 ns     0.00
  d    1.4040   0.3164   -0.8158   0.0406   0.00449 -0.00222     0.00 cor    0.00
 mix   0.0382  -0.1067   -0.0901  -0.0224   0.05133  0.00162     0.00 v+c
 sum   6.1965   2.7737   -1.9252  -0.1802   0.31998  0.00302     0.00 v+c   -1.55
 -------------------------------------------------------------------------------
 TOT  65.0017  19.0000             5.3018            0.35867
 E_band         2.80239629 [Ry]
 ===============================================================================
 IT   1  spin     DNS        2.7410022832
                  INT        2.7410048978     RAT   0.9999990461
 IT   2  spin     DNS       -0.1802453722
                  INT       -0.1802454422     RAT   0.9999996116

 ###############################################################################
                         integrals in <CHRDNS>  NOT OK
 ###############################################################################


 <FPCHRDNS>:  check integrals for RHO2NS from core solver

          IT =  1  CORE   CHR:    18.000000000000
          IT =  1  CORE   SPN:     0.000004502588
          IT =  2  CORE   CHR:    10.000000000000
          IT =  2  CORE   SPN:    -0.000000103020

 *******************************************************************************
 *******************************************************************************
                   setting up new potential in <FPSCFNEWPOT>
 *******************************************************************************
 *******************************************************************************

     <SYMMETRIZE_FLMT_REP>  chr:  IT=  1   max rel diff =         0.0000000000
     <SYMMETRIZE_FLMT_REP>  chr:  IT=  2   max rel diff =         0.0000000000
     <SYMMETRIZE_FLMT_REP>  spn:  IT=  1   max rel diff =         0.0000000000
     <SYMMETRIZE_FLMT_REP>  spn:  IT=  2   max rel diff =         0.0000000000

     charge neutrality     -0.000000000000 els.


     charge moments for atom type  IT =  1   Fe

     LM            muffin-tin                 interstitial            total
      1      25.14482  (   7.09322)       0.96835  (   0.27317)      26.11317
      7      -0.36111  (  -0.10187)       2.38677  (   0.67330)       2.02566
      9      -0.48955  (  -0.13810)       4.38862  (   1.23801)       3.89907
     21       0.28024  (   0.07905)     -35.39849  (  -9.98573)     -35.11825
     23      -1.07398  (  -0.30296)     103.46467  (  29.18684)     102.39069
     25      -1.27372  (  -0.35931)      47.88844  (  13.50908)      46.61472

     charge moments for atom type  IT =  2   Al

     LM            muffin-tin                 interstitial            total
      1      11.79730  (   3.32796)       0.97637  (   0.27543)      12.77367
      7       0.60318  (   0.17016)      -5.57047  (  -1.57140)      -4.96728
     21      -0.07454  (  -0.02103)      90.61558  (  25.56218)      90.54104
     25       0.11247  (   0.03173)    -101.19069  ( -28.54537)    -101.07823
  
     atom site IQ =  1  Q(netto) =   0.11316528 els.
     atom site IQ =  3  Q(netto) =  -0.22633055 els.

     charge moments for atom site  IQ =  1   (including  -Z)

     LM            muffin-tin                 interstitial            total
      1      25.14482                     0.96835                     0.11317
      7      -0.36111                     2.38677                     2.02566
      9      -0.48955                     4.38862                     3.89907
     21       0.28024                   -35.39849                   -35.11825
     23      -1.07398                   103.46467                   102.39069
     25      -1.27372                    47.88844                    46.61472

     charge moments for atom site  IQ =  2   (including  -Z)

     LM            muffin-tin                 interstitial            total
      1      25.14482                     0.96835                     0.11317
      7      -0.36111                     2.38677                     2.02566
      9       0.48955                    -4.38862                    -3.89907
     21       0.28024                   -35.39849                   -35.11825
     23       1.07398                  -103.46467                  -102.39069
     25      -1.27372                    47.88844                    46.61472

     charge moments for atom site  IQ =  3   (including  -Z)

     LM            muffin-tin                 interstitial            total
      1      11.79730                     0.97637                    -0.22633
      7       0.60318                    -5.57047                    -4.96728
     21      -0.07454                    90.61558                    90.54104
     25       0.11247                  -101.19069                  -101.07823

     atom type IT= 1  EPOTIN =  4051.47041283
          0:   4051.443734 1:      0.000000 2:      0.022935 3:      0.000000
          4:      0.003744

     atom type IT= 2  EPOTIN =   745.29060568
          0:    745.275472 1:      0.000000 2:      0.013491 3:      0.000000
          4:      0.001642

 *******************************************************************************
                                  total energies
 *******************************************************************************

 Fermi energy  0.299502 Ry

 contribution to total energy of atom type IT=  1   Fe

 core     s:  -1154.970882 p:   -323.753228 d:      0.000000 f:      0.000000
 valence  s:      0.038334 p:      0.084930 d:      1.172647
 Coulomb  0:  -5007.743315 1:      0.000000 2:     -0.034763 3:      0.000000
          4:     -0.009232
 ex.-cor. 0:   -107.314279 1:      0.000000 2:      0.044312 3:      0.000000
          4:      0.012517

 sum of single particle energies:  -1477.4281991879
 total contribution of the atom:   -2541.0025481671

 contribution to total energy of atom type IT=  2   Al

 core     s:   -234.494670 p:    -27.035950 d:      0.000000 f:      0.000000
 valence  s:     -0.041770 p:      0.202148 d:      0.050195
 Coulomb  0:   -932.472571 1:      0.000000 2:     -0.028029 3:      0.000000
          4:     -0.003458
 ex.-cor. 0:    -35.175323 1:      0.000000 2:      0.037797 3:      0.000000
          4:      0.003947

 sum of single particle energies:   -261.3200466607
 total contribution of the atom:    -483.6670777111

 total energy                      -5565.6721740453 Ry

 *******************************************************************************
          shift of muffin-tin zero  VMTZ  -0.411964
 *******************************************************************************

     rms-error for type  1:  V =  1.0545D+01     B =  2.3853D-01
     rms-error for type  2:  V =  1.1974D+01     B =  2.8637D-01
     iter.   4     average:  V =  1.1974D+01     B =  2.8637D-01

     execution time for last iteration        12.308 sec


 *******************************************************************************
   4 ERR 0.120E+02 0.286E+00 EF  0.29950  0.01539 D  65.002 M   5.3018   0.3587
     ETOT      -5565.67217405    SCF - cycle not converged  -  continue
 *******************************************************************************



 *******************************************************************************
                                  <SCFCHKNVAL>
 *******************************************************************************

          fix core and semi-core states and lower boundary for valence band

          bottom of energy contour for band states  EMIN   =  -0.200
          lower limit for semi-core states          ESCBOT =  -0.200
          upper limit for core states               ECTOP  =  -3.460

          table of detected bound states  (ignoring exchange splitting)

          elmt  IT   Z   n  l   j        E (Ry)      NSH  NSUM  state  changed

          Fe     1  26   1  s  1/2    -512.142636     2     2    core     -
          Fe     1  26   2  s  1/2     -59.083829     2     4    core     -
          Fe     1  26   2  p  1/2     -50.883636
          Fe     1  26   2  p  3/2     -49.968669     6    10    core     -
          Fe     1  26   3  s  1/2      -5.953987     2    12    core     -
          Fe     1  26   3  p  1/2      -3.572365
          Fe     1  26   3  p  3/2      -3.460374     6    18    core     -

          Al     2  13   1  s  1/2    -110.127498     2     2    core     -
          Al     2  13   2  s  1/2      -7.447542     2     4    core     -
          Al     2  13   2  p  1/2      -4.692773
          Al     2  13   2  p  3/2      -4.660248     6    10    core     -



  ATOM   IT      :     1
  ATOMIC NUMBER  :    26

  IT          MUE  KAP ITER      ENERGY        B (k-Gauss)      <S_z>  
   1   1s1/2 -1/2  -1   6    -512.14206211     -2973245.545    -0.988
   1   1s1/2  1/2  -1   3    -512.14321035      2973222.453     0.988
                                                    -23.092     0.000

   1   2s1/2 -1/2  -1   7     -59.03359222      -276782.965    -0.998
   1   2s1/2  1/2  -1   3     -59.13411446       276210.597     0.998
                                                   -572.368     0.000

   1   2p3/2 -3/2  -2   8     -49.92945182       -46590.648    -0.997
   1   2p3/2 -1/2  -2   4     -49.95419984       -14535.186    -0.404
   1   2p1/2 -1/2   1   5     -50.89783453       -83560.789     0.403
   1   2p3/2  1/2  -2   4     -49.98028031        16776.106     0.254
   1   2p1/2  1/2   1   4     -50.87239952        81418.167    -0.253
   1   2p3/2  3/2  -2   3     -50.00793904        46494.198     0.998
                                                      1.849     0.000

   1   3s1/2 -1/2  -1  10      -5.84960883       -39695.176    -1.000
   1   3s1/2  1/2  -1   4      -6.05840633        39983.497     1.000
                                                    288.321    -0.000

   1   3p3/2 -3/2  -2  12      -3.35909620        -5692.285    -1.000
   1   3p3/2 -1/2  -2   5      -3.38516110        -1959.278    -0.916
   1   3p1/2 -1/2   1   5      -3.64789176       -10197.362     0.915
   1   3p3/2  1/2  -2   5      -3.41798637         6753.085    -0.843
   1   3p1/2  1/2   1   6      -3.61463431         5339.706     0.844
   1   3p3/2  3/2  -2   4      -3.56175190         5755.436     1.000
                                                     -0.698    -0.000

  ---------------------------------------------------------
                                                   -305.988
                                      (S)          -307.139
  *********************************************************


          integrated core charge density for atom type    1: 18.00000000
          integrated core  spin  density for atom type    1:  0.00000505

  ATOM   IT      :     2
  ATOMIC NUMBER  :    13

  IT          MUE  KAP ITER      ENERGY        B (k-Gauss)      <S_z>  
   2   1s1/2 -1/2  -1   6    -110.12787382      -340656.416    -0.997
   2   1s1/2  1/2  -1   3    -110.12712216       340657.125     0.997
                                                      0.710    -0.000

   2   2s1/2 -1/2  -1  11      -7.44801500       -23108.699    -1.000
   2   2s1/2  1/2  -1   3      -7.44706992        23109.070     1.000
                                                      0.371    -0.000

   2   2p3/2 -3/2  -2  17      -4.66080875        -3506.255    -1.000
   2   2p3/2 -1/2  -2   4      -4.66042613        -1204.238    -0.302
   2   2p1/2 -1/2   1   6      -4.69259473        -5911.582     0.302
   2   2p3/2  1/2  -2   4      -4.66005237         1136.652     0.363
   2   2p1/2  1/2   1   4      -4.69296791         5978.917    -0.363
   2   2p3/2  3/2  -2   3      -4.65968690         3506.510     1.000
                                                      0.003    -0.000

  ---------------------------------------------------------
                                                      1.083
                                      (S)             1.080
  *********************************************************


          integrated core charge density for atom type    2: 10.00000000
          integrated core  spin  density for atom type    2:  0.00000018

 <SCF>:     TOTNOS       0.0000000000  TOTNOSX     17.3143628555
 <SCF>:     TOTDOSEF    43.6836916056  TOTDOSEFX   43.6836916056

 <CHRDNS>:  TOTNOS      17.3143628555  DQ          -1.6856371445
 <CHRDNS>:  TOTDOS      43.6836916056  TOTDOSX     43.6836916056


 *******************************************************************************

 SPRKKR-run for: System:

 results extrapolated to corrected Fermi energy:
 CHARGE MISFIT      -1.68563714 els.
 E_F CORRECTION      0.03858733
 NEW FERMI ENERGY    0.33808928


  33 E= 0.3381 0.0000          IT=   1  Fe      
         DOS      NOS     P_spin   m_spin    P_orb    m_orb     B_val      B_core
  s    0.7662   0.7093   -0.0022  -0.0071  -0.00000 -0.00000     0.00 s      0.00
  p    2.6180   0.8662   -0.1577   0.0353  -0.01108 -0.00242     0.00 ns     0.00
  d   16.3686   6.4994  -11.3286   2.8545   1.68830  0.10691     0.00 cor    0.00
 mix  -0.3010  -0.2258    0.3777   0.0718  -0.00574 -0.00223     0.00 v+c
 sum  19.4518   7.8491  -11.1107   2.9545   1.67149  0.10226     0.00 v+c -305.99
 -------------------------------------------------------------------------------

  33 E= 0.3381 0.0000          IT=   2  Al      
         DOS      NOS     P_spin   m_spin    P_orb    m_orb     B_val      B_core
  s    0.5156   0.9991    0.4485  -0.0388  -0.00002  0.00000     0.00 s      0.00
  p    2.7603   1.9945    0.8542  -0.1926   0.07514  0.00266     0.00 ns     0.00
  d    1.6970   0.4488   -0.8163   0.0492  -0.03724 -0.00336     0.00 cor    0.00
 mix  -0.1926  -0.1406    0.0900  -0.0151   0.02137  0.00146     0.00 v+c
 sum   4.7802   3.3018    0.5764  -0.1972   0.05926  0.00076     0.00 v+c    1.08
 -------------------------------------------------------------------------------
 TOT  43.6837  19.0000             5.7119            0.20528
 E_band         3.16781381 [Ry]
 ===============================================================================
 IT   1  spin     DNS        2.9545348953
                  INT        2.9545381827     RAT   0.9999988873
 IT   2  spin     DNS       -0.1972013552
                  INT       -0.1972013798     RAT   0.9999998750

 ###############################################################################
                         integrals in <CHRDNS>  NOT OK
 ###############################################################################


 <FPCHRDNS>:  check integrals for RHO2NS from core solver

          IT =  1  CORE   CHR:    18.000000000000
          IT =  1  CORE   SPN:     0.000005046869
          IT =  2  CORE   CHR:    10.000000000000
          IT =  2  CORE   SPN:     0.000000180121

 *******************************************************************************
 *******************************************************************************
                   setting up new potential in <FPSCFNEWPOT>
 *******************************************************************************
 *******************************************************************************

     <SYMMETRIZE_FLMT_REP>  chr:  IT=  1   max rel diff =         0.0000000000
     <SYMMETRIZE_FLMT_REP>  chr:  IT=  2   max rel diff =         0.0000000000
     <SYMMETRIZE_FLMT_REP>  spn:  IT=  1   max rel diff =         0.0000000000
     <SYMMETRIZE_FLMT_REP>  spn:  IT=  2   max rel diff =         0.0000000000

     charge neutrality      0.000000000000 els.


     charge moments for atom type  IT =  1   Fe

     LM            muffin-tin                 interstitial            total
      1      24.78135  (   6.99069)       1.06772  (   0.30120)      25.84908
      7      -0.54140  (  -0.15273)       2.68874  (   0.75848)       2.14734
      9      -0.55290  (  -0.15597)       4.89146  (   1.37986)       4.33856
     21       0.69527  (   0.19613)     -38.32373  ( -10.81093)     -37.62846
     23      -1.53226  (  -0.43224)     112.36806  (  31.69845)     110.83581
     25      -2.10384  (  -0.59348)      51.32488  (  14.47848)      49.22104

     charge moments for atom type  IT =  2   Al

     LM            muffin-tin                 interstitial            total
      1      12.21870  (   3.44683)       1.08314  (   0.30555)      13.30184
      7       0.43632  (   0.12308)      -6.06214  (  -1.71010)      -5.62581
     21      -0.51598  (  -0.14555)      92.73134  (  26.15903)      92.21536
     25       0.25716  (   0.07254)    -100.79454  ( -28.43361)    -100.53738
  
     atom site IQ =  1  Q(netto) =  -0.15092184 els.
     atom site IQ =  3  Q(netto) =   0.30184368 els.

     charge moments for atom site  IQ =  1   (including  -Z)

     LM            muffin-tin                 interstitial            total
      1      24.78135                     1.06772                    -0.15092
      7      -0.54140                     2.68874                     2.14734
      9      -0.55290                     4.89146                     4.33856
     21       0.69527                   -38.32373                   -37.62846
     23      -1.53226                   112.36806                   110.83581
     25      -2.10384                    51.32488                    49.22104

     charge moments for atom site  IQ =  2   (including  -Z)

     LM            muffin-tin                 interstitial            total
      1      24.78135                     1.06772                    -0.15092
      7      -0.54140                     2.68874                     2.14734
      9       0.55290                    -4.89146                    -4.33856
     21       0.69527                   -38.32373                   -37.62846
     23       1.53226                  -112.36806                  -110.83581
     25      -2.10384                    51.32488                    49.22104

     charge moments for atom site  IQ =  3   (including  -Z)

     LM            muffin-tin                 interstitial            total
      1      12.21870                     1.08314                     0.30184
      7       0.43632                    -6.06214                    -5.62581
     21      -0.51598                    92.73134                    92.21536
     25       0.25716                  -100.79454                  -100.53738

     atom type IT= 1  EPOTIN =  4039.08531383
          0:   4039.023964 1:      0.000000 2:      0.041925 3:      0.000000
          4:      0.019424

     atom type IT= 2  EPOTIN =   748.61910011
          0:    748.584981 1:      0.000000 2:      0.025066 3:      0.000000
          4:      0.009053

 *******************************************************************************
                                  total energies
 *******************************************************************************

 Fermi energy  0.338089 Ry

 contribution to total energy of atom type IT=  1   Fe

 core     s:  -1154.360994 p:   -322.628627 d:      0.000000 f:      0.000000
 valence  s:      0.054142 p:      0.115772 d:      1.267567
 Coulomb  0:  -4998.159085 1:      0.000000 2:     -0.034811 3:      0.000000
          4:     -0.017028
 ex.-cor. 0:   -106.115319 1:      0.000000 2:      0.044815 3:      0.000000
          4:      0.024503

 sum of single particle energies:  -1475.5521398012
 total contribution of the atom:   -2540.7237506229

 contribution to total energy of atom type IT=  2   Al

 core     s:   -235.150081 p:    -28.026537 d:      0.000000 f:      0.000000
 valence  s:     -0.070108 p:      0.284663 d:      0.078296
 Coulomb  0:   -933.580124 1:      0.000000 2:     -0.033525 3:      0.000000
          4:     -0.012181
 ex.-cor. 0:    -35.636714 1:      0.000000 2:      0.036771 3:      0.000000
          4:      0.014203

 sum of single particle energies:   -262.8837663094
 total contribution of the atom:    -483.4762363511

 total energy                      -5564.9237375968 Ry

 *******************************************************************************
          shift of muffin-tin zero  VMTZ  -0.420054
 *******************************************************************************

     rms-error for type  1:  V =  6.0569D+00     B =  2.5322D-01
     rms-error for type  2:  V =  1.0289D+01     B =  1.1490D-01
     iter.   5     average:  V =  1.0289D+01     B =  2.5322D-01

     execution time for last iteration        10.552 sec


 *******************************************************************************
   5 ERR 0.103E+02 0.253E+00 EF  0.33809  0.03859 D  43.684 M   5.7119   0.2053
     ETOT      -5564.92373760    SCF - cycle not converged  -  continue
 *******************************************************************************



 *******************************************************************************
                                  <SCFCHKNVAL>
 *******************************************************************************

          fix core and semi-core states and lower boundary for valence band

          bottom of energy contour EMIN =  -0.200 too high
          the value will be adjusted by the program

          bottom of energy contour for band states  EMIN   =  -0.390
          lower limit for semi-core states          ESCBOT =  -0.163
          upper limit for core states               ECTOP  =  -3.482

          table of detected bound states  (ignoring exchange splitting)

          elmt  IT   Z   n  l   j        E (Ry)      NSH  NSUM  state  changed

          Fe     1  26   1  s  1/2    -512.192499     2     2    core     -
          Fe     1  26   2  s  1/2     -59.120878     2     4    core     -
          Fe     1  26   2  p  1/2     -50.922570
          Fe     1  26   2  p  3/2     -50.007434     6    10    core     -
          Fe     1  26   3  s  1/2      -5.975343     2    12    core     -
          Fe     1  26   3  p  1/2      -3.594299
          Fe     1  26   3  p  3/2      -3.482313     6    18    core     -

          Al     2  13   1  s  1/2    -110.221409     2     2    core     -
          Al     2  13   2  s  1/2      -7.547344     2     4    core     -
          Al     2  13   2  p  1/2      -4.791803
          Al     2  13   2  p  3/2      -4.759291     6    10    core     -
          Al     2  13   3  s  1/2      -0.162876     2    12    semi     -



  ATOM   IT      :     1
  ATOMIC NUMBER  :    26

  IT          MUE  KAP ITER      ENERGY        B (k-Gauss)      <S_z>  
   1   1s1/2 -1/2  -1   6    -512.19197881     -2973265.224    -0.988
   1   1s1/2  1/2  -1   3    -512.19301912      2973240.582     0.988
                                                    -24.642     0.000

   1   2s1/2 -1/2  -1   7     -59.06669595      -276845.559    -0.998
   1   2s1/2  1/2  -1   3     -59.17511655       276225.049     0.998
                                                   -620.510     0.000

   1   2p3/2 -3/2  -2   8     -49.96518448       -46602.461    -0.997
   1   2p3/2 -1/2  -2   4     -49.99173424       -14473.150    -0.410
   1   2p1/2 -1/2   1   5     -50.93798125       -83634.981     0.408
   1   2p3/2  1/2  -2   4     -50.01981906        16888.584     0.248
   1   2p1/2  1/2   1   4     -50.91059579        81326.014    -0.247
   1   2p3/2  3/2  -2   3     -50.04974598        46497.990     0.998
                                                      1.996     0.000

   1   3s1/2 -1/2  -1  10      -5.86236307       -39688.168    -1.000
   1   3s1/2  1/2  -1   4      -6.08837430        40004.893     1.000
                                                    316.725    -0.000

   1   3p3/2 -3/2  -2  12      -3.37278025        -5688.474    -1.000
   1   3p3/2 -1/2  -2   5      -3.39948417        -2003.295    -0.925
   1   3p1/2 -1/2   1   5      -3.67748791       -10156.068     0.925
   1   3p3/2  1/2  -2   5      -3.43282989         6934.365    -0.865
   1   3p1/2  1/2   1   6      -3.64366620         5154.606     0.866
   1   3p3/2  3/2  -2   4      -3.59197071         5758.114     1.000
                                                     -0.751    -0.000

  ---------------------------------------------------------
                                                   -327.182
                                      (S)          -328.427
  *********************************************************


          integrated core charge density for atom type    1: 18.00000000
          integrated core  spin  density for atom type    1:  0.00000673

  ATOM   IT      :     2
  ATOMIC NUMBER  :    13

  IT          MUE  KAP ITER      ENERGY        B (k-Gauss)      <S_z>  
   2   1s1/2 -1/2  -1   6    -110.22201278      -340659.207    -0.997
   2   1s1/2  1/2  -1   3    -110.22080616       340662.093     0.997
                                                      2.886    -0.000

   2   2s1/2 -1/2  -1  12      -7.54810457       -23104.581    -1.000
   2   2s1/2  1/2  -1   3      -7.54658444        23104.778     1.000
                                                      0.197    -0.000

   2   2p3/2 -3/2  -2  18      -4.76022775        -3505.075    -1.000
   2   2p3/2 -1/2  -2   4      -4.75957883        -1229.503    -0.281
   2   2p1/2 -1/2   1   6      -4.79151580        -5883.974     0.280
   2   2p3/2  1/2  -2   4      -4.75895523         1116.516     0.383
   2   2p1/2  1/2   1   4      -4.79213889         5996.667    -0.383
   2   2p3/2  3/2  -2   3      -4.75835419         3505.375     1.000
                                                      0.006    -0.000

  ---------------------------------------------------------
                                                      3.089
                                      (S)             3.082
  *********************************************************


          integrated core charge density for atom type    2: 10.00000000
          integrated core  spin  density for atom type    2:  0.00000034

 <SCF>:     TOTNOS       0.0000000000  TOTNOSX     21.8165332695
 <SCF>:     TOTDOSEF    67.1000905180  TOTDOSEFX   67.1000905180

 <CHRDNS>:  TOTNOS      21.8165332695  DQ           2.8165332695
 <CHRDNS>:  TOTDOS      67.1000905180  TOTDOSX     67.1000905180


 *******************************************************************************

 SPRKKR-run for: System:

 results extrapolated to corrected Fermi energy:
 CHARGE MISFIT       2.81653327 els.
 E_F CORRECTION     -0.04197510
 NEW FERMI ENERGY    0.29611417


  33 E= 0.2961 0.0000          IT=   1  Fe      
         DOS      NOS     P_spin   m_spin    P_orb    m_orb     B_val      B_core
  s    0.8875   0.8586    0.1877   0.0096  -0.00001 -0.00000     0.00 s      0.00
  p    3.4711   0.8989   -0.3856   0.0451   0.04897 -0.00027     0.00 ns     0.00
  d   23.4267   6.1424  -17.9631   3.2014  -0.67325  0.09970     0.00 cor    0.00
 mix   1.9937  -0.3646   -2.0763   0.1145  -0.00505  0.00664     0.00 v+c
 sum  29.7790   7.5354  -20.2374   3.3705  -0.62934  0.10607     0.00 v+c -327.18
 -------------------------------------------------------------------------------

  33 E= 0.2961 0.0000          IT=   2  Al      
         DOS      NOS     P_spin   m_spin    P_orb    m_orb     B_val      B_core
  s    0.7029   1.4251    0.4324  -0.0042  -0.00002  0.00000     0.00 s      0.00
  p    4.3915   2.2142    2.0823  -0.2322   0.03944 -0.00080     0.00 ns     0.00
  d    2.9253   0.4852   -1.4736   0.0388   0.16744 -0.01102     0.00 cor    0.00
 mix  -0.4776  -0.1953    0.2931  -0.0251  -0.04155  0.00174     0.00 v+c
 sum   7.5421   3.9292    1.3342  -0.2227   0.16531 -0.01008     0.00 v+c    3.09
 -------------------------------------------------------------------------------
 TOT  67.1001  19.0000             6.5184            0.20206
 E_band         1.95281654 [Ry]
 ===============================================================================
 IT   1  spin     DNS        3.3705331681
                  INT        3.3705362941     RAT   0.9999990725
 IT   2  spin     DNS       -0.2226814846
                  INT       -0.2226813636     RAT   1.0000005435

 ###############################################################################
                         integrals in <CHRDNS>  NOT OK
 ###############################################################################


 <FPCHRDNS>:  check integrals for RHO2NS from core solver

          IT =  1  CORE   CHR:    18.000000000000
          IT =  1  CORE   SPN:     0.000006725382
          IT =  2  CORE   CHR:    10.000000000000
          IT =  2  CORE   SPN:     0.000000337445

 *******************************************************************************
 *******************************************************************************
                   setting up new potential in <FPSCFNEWPOT>
 *******************************************************************************
 *******************************************************************************

     <SYMMETRIZE_FLMT_REP>  chr:  IT=  1   max rel diff =         0.0000000000
     <SYMMETRIZE_FLMT_REP>  chr:  IT=  2   max rel diff =         0.0000000000
     <SYMMETRIZE_FLMT_REP>  spn:  IT=  1   max rel diff =         0.0000000000
     <SYMMETRIZE_FLMT_REP>  spn:  IT=  2   max rel diff =         0.0000000000

     charge neutrality      0.000000000000 els.


     charge moments for atom type  IT =  1   Fe

     LM            muffin-tin                 interstitial            total
      1      24.43703  (   6.89356)       1.09836  (   0.30984)      25.53539
      7      -0.49669  (  -0.14011)       2.84060  (   0.80132)       2.34391
      9      -1.02952  (  -0.29042)       4.20105  (   1.18509)       3.17153
     21       0.16390  (   0.04623)     -36.53955  ( -10.30762)     -36.37565
     23      -1.85291  (  -0.52270)     116.57928  (  32.88641)     114.72637
     25      -1.48323  (  -0.41841)      51.21518  (  14.44754)      49.73195

     charge moments for atom type  IT =  2   Al

     LM            muffin-tin                 interstitial            total
      1      12.74308  (   3.59476)       1.18615  (   0.33461)      13.92923
      7       0.96109  (   0.27112)      -5.71421  (  -1.61195)      -4.75311
     21      -0.56450  (  -0.15924)      96.68750  (  27.27504)      96.12300
     25       0.18030  (   0.05086)    -102.21616  ( -28.83465)    -102.03585
  
     atom site IQ =  1  Q(netto) =  -0.46461397 els.
     atom site IQ =  3  Q(netto) =   0.92922794 els.

     charge moments for atom site  IQ =  1   (including  -Z)

     LM            muffin-tin                 interstitial            total
      1      24.43703                     1.09836                    -0.46461
      7      -0.49669                     2.84060                     2.34391
      9      -1.02952                     4.20105                     3.17153
     21       0.16390                   -36.53955                   -36.37565
     23      -1.85291                   116.57928                   114.72637
     25      -1.48323                    51.21518                    49.73195

     charge moments for atom site  IQ =  2   (including  -Z)

     LM            muffin-tin                 interstitial            total
      1      24.43703                     1.09836                    -0.46461
      7      -0.49669                     2.84060                     2.34391
      9       1.02952                    -4.20105                    -3.17153
     21       0.16390                   -36.53955                   -36.37565
     23       1.85291                  -116.57928                  -114.72637
     25      -1.48323                    51.21518                    49.73195

     charge moments for atom site  IQ =  3   (including  -Z)

     LM            muffin-tin                 interstitial            total
      1      12.74308                     1.18615                     0.92923
      7       0.96109                    -5.71421                    -4.75311
     21      -0.56450                    96.68750                    96.12300
     25       0.18030                  -102.21616                  -102.03585

     atom type IT= 1  EPOTIN =  4034.67402138
          0:   4034.542908 1:      0.000000 2:      0.102997 3:      0.000000
          4:      0.028116

     atom type IT= 2  EPOTIN =   751.69456473
          0:    751.622728 1:      0.000000 2:      0.061371 3:      0.000000
          4:      0.010466

 *******************************************************************************
                                  total energies
 *******************************************************************************

 Fermi energy  0.296114 Ry

 contribution to total energy of atom type IT=  1   Fe

 core     s:  -1154.577548 p:   -322.993280 d:      0.000000 f:      0.000000
 valence  s:     -0.024385 p:      0.058378 d:      0.937926
 Coulomb  0:  -4993.217814 1:      0.000000 2:     -0.048180 3:      0.000000
          4:     -0.018355
 ex.-cor. 0:   -105.360002 1:      0.000000 2:      0.077404 3:      0.000000
          4:      0.026317

 sum of single particle energies:  -1476.5989089527
 total contribution of the atom:   -2540.4655182406

 contribution to total energy of atom type IT=  2   Al

 core     s:   -235.537508 p:    -28.620771 d:      0.000000 f:      0.000000
 valence  s:     -0.262041 p:      0.207649 d:      0.063371
 Coulomb  0:   -934.955100 1:      0.000000 2:     -0.061824 3:      0.000000
          4:     -0.011814
 ex.-cor. 0:    -36.222609 1:      0.000000 2:      0.062189 3:      0.000000
          4:      0.013238

 sum of single particle energies:   -264.1492996305
 total contribution of the atom:    -483.6306558119

 total energy                      -5564.5616922932 Ry

 *******************************************************************************
          shift of muffin-tin zero  VMTZ  -0.437062
 *******************************************************************************

     rms-error for type  1:  V =  6.4960D+00     B =  1.4262D-01
     rms-error for type  2:  V =  8.1789D+00     B =  7.2697D-02
     iter.   6     average:  V =  8.1789D+00     B =  1.4262D-01

     execution time for last iteration        10.198 sec


 *******************************************************************************
   6 ERR 0.818E+01 0.143E+00 EF  0.29611 -0.04198 D  67.100 M   6.5184   0.2021
     ETOT      -5564.56169229    SCF - cycle not converged  -  continue
 *******************************************************************************



 *******************************************************************************
                                  <SCFCHKNVAL>
 *******************************************************************************

          fix core and semi-core states and lower boundary for valence band

          bottom of energy contour for band states  EMIN   =  -0.390
          lower limit for semi-core states          ESCBOT =  -0.390
          upper limit for core states               ECTOP  =  -3.484

          table of detected bound states  (ignoring exchange splitting)

          elmt  IT   Z   n  l   j        E (Ry)      NSH  NSUM  state  changed

          Fe     1  26   1  s  1/2    -512.194881     2     2    core     -
          Fe     1  26   2  s  1/2     -59.123587     2     4    core     -
          Fe     1  26   2  p  1/2     -50.925251
          Fe     1  26   2  p  3/2     -50.010118     6    10    core     -
          Fe     1  26   3  s  1/2      -5.977223     2    12    core     -
          Fe     1  26   3  p  1/2      -3.596056
          Fe     1  26   3  p  3/2      -3.484045     6    18    core     -

          Al     2  13   1  s  1/2    -110.216134     2     2    core     -
          Al     2  13   2  s  1/2      -7.542132     2     4    core     -
          Al     2  13   2  p  1/2      -4.786603
          Al     2  13   2  p  3/2      -4.754091     6    10    core     -
          Al     2  13   3  s  1/2      -0.160174     2    12    semi     -



  ATOM   IT      :     1
  ATOMIC NUMBER  :    26

  IT          MUE  KAP ITER      ENERGY        B (k-Gauss)      <S_z>  
   1   1s1/2 -1/2  -1   6    -512.19435620     -2973264.513    -0.988
   1   1s1/2  1/2  -1   3    -512.19540613      2973239.823     0.988
                                                    -24.690     0.000

   1   2s1/2 -1/2  -1   7     -59.06935022      -276845.693    -0.998
   1   2s1/2  1/2  -1   3     -59.17788175       276224.598     0.998
                                                   -621.095     0.000

   1   2p3/2 -3/2  -2   8     -49.96782326       -46602.421    -0.997
   1   2p3/2 -1/2  -2   4     -49.99439955       -14472.174    -0.410
   1   2p1/2 -1/2   1   5     -50.94068087       -83635.713     0.408
   1   2p3/2  1/2  -2   4     -50.02251401        16890.196     0.248
   1   2p1/2  1/2   1   4     -50.91326642        81324.257    -0.247
   1   2p3/2  3/2  -2   3     -50.05247466        46497.852     0.998
                                                      1.998     0.000

   1   3s1/2 -1/2  -1  10      -5.86409526       -39693.687    -1.000
   1   3s1/2  1/2  -1   4      -6.09040259        40010.203     1.000
                                                    316.517    -0.000

   1   3p3/2 -3/2  -2  12      -3.37435803        -5689.785    -1.000
   1   3p3/2 -1/2  -2   5      -3.40107784        -2004.439    -0.925
   1   3p1/2 -1/2   1   5      -3.67938218       -10157.506     0.925
   1   3p3/2  1/2  -2   5      -3.43443888         6938.612    -0.866
   1   3p1/2  1/2   1   6      -3.64554556         5153.009     0.866
   1   3p3/2  3/2  -2   4      -3.59385624         5759.357     1.000
                                                     -0.751    -0.000

  ---------------------------------------------------------
                                                   -328.022
                                      (S)          -329.269
  *********************************************************


          integrated core charge density for atom type    1: 18.00000000
          integrated core  spin  density for atom type    1:  0.00000678

  ATOM   IT      :     2
  ATOMIC NUMBER  :    13

  IT          MUE  KAP ITER      ENERGY        B (k-Gauss)      <S_z>  
   2   1s1/2 -1/2  -1   6    -110.21672900      -340659.025    -0.997
   2   1s1/2  1/2  -1   3    -110.21553886       340661.877     0.997
                                                      2.852    -0.000

   2   2s1/2 -1/2  -1  11      -7.54288144       -23104.216    -1.000
   2   2s1/2  1/2  -1   3      -7.54138280        23104.407     1.000
                                                      0.191    -0.000

   2   2p3/2 -3/2  -2  18      -4.75501465        -3504.995    -1.000
   2   2p3/2 -1/2  -2   4      -4.75437516        -1228.554    -0.281
   2   2p1/2 -1/2   1   6      -4.78631873        -5884.755     0.281
   2   2p3/2  1/2  -2   4      -4.75376027         1117.154     0.382
   2   2p1/2  1/2   1   4      -4.78693312         5995.866    -0.382
   2   2p3/2  3/2  -2   3      -4.75316733         3505.290     1.000
                                                      0.006    -0.000

  ---------------------------------------------------------
                                                      3.049
                                      (S)             3.043
  *********************************************************


          integrated core charge density for atom type    2: 10.00000000
          integrated core  spin  density for atom type    2:  0.00000033

 <SCF>:     TOTNOS       0.0000000000  TOTNOSX     19.0678246960
 <SCF>:     TOTDOSEF    32.7329871237  TOTDOSEFX   32.7329871237

 <CHRDNS>:  TOTNOS      19.0678246960  DQ           0.0678246960
 <CHRDNS>:  TOTDOS      32.7329871237  TOTDOSX     32.7329871237


 *******************************************************************************

 SPRKKR-run for: System:

 results extrapolated to corrected Fermi energy:
 CHARGE MISFIT       0.06782470 els.
 E_F CORRECTION     -0.00207206
 NEW FERMI ENERGY    0.29404211


  33 E= 0.2940 0.0000          IT=   1  Fe      
         DOS      NOS     P_spin   m_spin    P_orb    m_orb     B_val      B_core
  s    0.6105   0.8528    0.0198   0.0103  -0.00000 -0.00000     0.00 s      0.00
  p    1.8034   0.8964    0.4082   0.0509  -0.00139 -0.00232     0.00 ns     0.00
  d   12.0047   6.1355   -8.1229   3.1434   0.71064  0.05985     0.00 cor    0.00
 mix  -0.3893  -0.3277    0.4088   0.0778   0.15606 -0.00311     0.00 v+c
 sum  14.0293   7.5570   -7.2860   3.2823   0.86531  0.05443     0.00 v+c -328.02
 -------------------------------------------------------------------------------

  33 E= 0.2940 0.0000          IT=   2  Al      
         DOS      NOS     P_spin   m_spin    P_orb    m_orb     B_val      B_core
  s    0.3637   1.4275    0.3371  -0.0054  -0.00001  0.00000     0.00 s      0.00
  p    2.4462   2.1840    1.5337  -0.2221   0.03215  0.00077     0.00 ns     0.00
  d    2.2343   0.4757   -1.4524   0.0541  -0.00008 -0.00235     0.00 cor    0.00
 mix  -0.3700  -0.2013    0.2100  -0.0185   0.02086  0.00110     0.00 v+c
 sum   4.6743   3.8860    0.6285  -0.1919   0.05291 -0.00048     0.00 v+c    3.05
 -------------------------------------------------------------------------------
 TOT  32.7330  19.0000             6.3727            0.10838
 E_band         2.00814497 [Ry]
 ===============================================================================
 IT   1  spin     DNS        3.2823387672
                  INT        3.2823420700     RAT   0.9999989938
 IT   2  spin     DNS       -0.1919298144
                  INT       -0.1919297080     RAT   1.0000005543

 ###############################################################################
                         integrals in <CHRDNS>  NOT OK
 ###############################################################################


 <FPCHRDNS>:  check integrals for RHO2NS from core solver

          IT =  1  CORE   CHR:    18.000000000000
          IT =  1  CORE   SPN:     0.000006781195
          IT =  2  CORE   CHR:    10.000000000000
          IT =  2  CORE   SPN:     0.000000331355

 *******************************************************************************
 *******************************************************************************
                   setting up new potential in <FPSCFNEWPOT>
 *******************************************************************************
 *******************************************************************************

     <SYMMETRIZE_FLMT_REP>  chr:  IT=  1   max rel diff =         0.0000000000
     <SYMMETRIZE_FLMT_REP>  chr:  IT=  2   max rel diff =         0.0000000000
     <SYMMETRIZE_FLMT_REP>  spn:  IT=  1   max rel diff =         0.0000000000
     <SYMMETRIZE_FLMT_REP>  spn:  IT=  2   max rel diff =         0.0000000000

     charge neutrality      0.000000000000 els.


     charge moments for atom type  IT =  1   Fe

     LM            muffin-tin                 interstitial            total
      1      24.47702  (   6.90484)       1.07999  (   0.30466)      25.55702
      7      -0.36082  (  -0.10179)       2.79274  (   0.78782)       2.43191
      9      -1.09761  (  -0.30963)       4.02003  (   1.13403)       2.92243
     21       0.33564  (   0.09468)     -35.23051  (  -9.93834)     -34.89487
     23      -1.70713  (  -0.48157)     113.86701  (  32.12129)     112.15988
     25      -1.43388  (  -0.40449)      49.84424  (  14.06080)      48.41036

     charge moments for atom type  IT =  2   Al

     LM            muffin-tin                 interstitial            total
      1      12.71955  (   3.58812)       1.16642  (   0.32904)      13.88597
      7       0.90924  (   0.25649)      -5.54766  (  -1.56497)      -4.63842
     21      -0.60782  (  -0.17146)      93.77070  (  26.45223)      93.16288
     25       0.34889  (   0.09842)     -96.69403  ( -27.27688)     -96.34514
  
     atom site IQ =  1  Q(netto) =  -0.44298455 els.
     atom site IQ =  3  Q(netto) =   0.88596910 els.

     charge moments for atom site  IQ =  1   (including  -Z)

     LM            muffin-tin                 interstitial            total
      1      24.47702                     1.07999                    -0.44298
      7      -0.36082                     2.79274                     2.43191
      9      -1.09761                     4.02003                     2.92243
     21       0.33564                   -35.23051                   -34.89487
     23      -1.70713                   113.86701                   112.15988
     25      -1.43388                    49.84424                    48.41036

     charge moments for atom site  IQ =  2   (including  -Z)

     LM            muffin-tin                 interstitial            total
      1      24.47702                     1.07999                    -0.44298
      7      -0.36082                     2.79274                     2.43191
      9       1.09761                    -4.02003                    -2.92243
     21       0.33564                   -35.23051                   -34.89487
     23       1.70713                  -113.86701                  -112.15988
     25      -1.43388                    49.84424                    48.41036

     charge moments for atom site  IQ =  3   (including  -Z)

     LM            muffin-tin                 interstitial            total
      1      12.71955                     1.16642                     0.88597
      7       0.90924                    -5.54766                    -4.63842
     21      -0.60782                    93.77070                    93.16288
     25       0.34889                   -96.69403                   -96.34514

     atom type IT= 1  EPOTIN =  4035.52257475
          0:   4035.391056 1:      0.000000 2:      0.104180 3:      0.000000
          4:      0.027339

     atom type IT= 2  EPOTIN =   751.56470051
          0:    751.490705 1:      0.000000 2:      0.060240 3:      0.000000
          4:      0.013756

 *******************************************************************************
                                  total energies
 *******************************************************************************

 Fermi energy  0.294042 Ry

 contribution to total energy of atom type IT=  1   Fe

 core     s:  -1154.591492 p:   -323.019817 d:      0.000000 f:      0.000000
 valence  s:     -0.010874 p:      0.061472 d:      0.946589
 Coulomb  0:  -4993.997515 1:      0.000000 2:     -0.045436 3:      0.000000
          4:     -0.017592
 ex.-cor. 0:   -105.450288 1:      0.000000 2:      0.077604 3:      0.000000
          4:      0.025920

 sum of single particle energies:  -1476.6141232608
 total contribution of the atom:   -2540.4988558580

 contribution to total energy of atom type IT=  2   Al

 core     s:   -235.516532 p:    -28.589569 d:      0.000000 f:      0.000000
 valence  s:     -0.255505 p:      0.208317 d:      0.060961
 Coulomb  0:   -934.913988 1:      0.000000 2:     -0.059651 3:      0.000000
          4:     -0.014587
 ex.-cor. 0:    -36.191049 1:      0.000000 2:      0.061655 3:      0.000000
          4:      0.016083

 sum of single particle energies:   -264.0923291321
 total contribution of the atom:    -483.6291646066

 total energy                      -5564.6268763225 Ry

 *******************************************************************************
          shift of muffin-tin zero  VMTZ  -0.439022
 *******************************************************************************

     rms-error for type  1:  V =  6.5293D+00     B =  1.9857D-01
     rms-error for type  2:  V =  7.7136D+00     B =  1.0838D-01
     iter.   7     average:  V =  7.7136D+00     B =  1.9857D-01

     execution time for last iteration        10.732 sec


 *******************************************************************************
   7 ERR 0.771E+01 0.199E+00 EF  0.29404 -0.00207 D  32.733 M   6.3727   0.1084
     ETOT      -5564.62687632    SCF - cycle not converged  -  continue
 *******************************************************************************



 *******************************************************************************
                                  <SCFCHKNVAL>
 *******************************************************************************

          fix core and semi-core states and lower boundary for valence band

          bottom of energy contour for band states  EMIN   =  -0.390
          lower limit for semi-core states          ESCBOT =  -0.390
          upper limit for core states               ECTOP  =  -3.393

          table of detected bound states  (ignoring exchange splitting)

          elmt  IT   Z   n  l   j        E (Ry)      NSH  NSUM  state  changed

          Fe     1  26   1  s  1/2    -512.048874     2     2    core     -
          Fe     1  26   2  s  1/2     -58.990784     2     4    core     -
          Fe     1  26   2  p  1/2     -50.790122
          Fe     1  26   2  p  3/2     -49.875203     6    10    core     -
          Fe     1  26   3  s  1/2      -5.884061     2    12    core     -
          Fe     1  26   3  p  1/2      -3.504517
          Fe     1  26   3  p  3/2      -3.392989     6    18    core     -

          Al     2  13   1  s  1/2    -110.109885     2     2    core     -
          Al     2  13   2  s  1/2      -7.432852     2     4    core     -
          Al     2  13   2  p  1/2      -4.677881
          Al     2  13   2  p  3/2      -4.645367     6    10    core     -



  ATOM   IT      :     1
  ATOMIC NUMBER  :    26

  IT          MUE  KAP ITER      ENERGY        B (k-Gauss)      <S_z>  
   1   1s1/2 -1/2  -1   6    -512.04834644     -2973248.372    -0.988
   1   1s1/2  1/2  -1   3    -512.04940129      2973226.608     0.988
                                                    -21.764     0.000

   1   2s1/2 -1/2  -1   7     -58.94371110      -276747.376    -0.998
   1   2s1/2  1/2  -1   3     -59.03789838       276211.428     0.998
                                                   -535.948     0.000

   1   2p3/2 -3/2  -2   8     -49.83845489       -46585.131    -0.997
   1   2p3/2 -1/2  -2   4     -49.86172478       -14588.145    -0.400
   1   2p1/2 -1/2   1   5     -50.80334324       -83505.987     0.399
   1   2p3/2  1/2  -2   4     -49.88617146        16687.099     0.259
   1   2p1/2  1/2   1   4     -50.77950114        81499.104    -0.258
   1   2p3/2  3/2  -2   3     -49.91199727        46494.795     0.998
                                                      1.734     0.000

   1   3s1/2 -1/2  -1  10      -5.78647520       -39600.591    -1.000
   1   3s1/2  1/2  -1   4      -5.98168170        39870.458     1.000
                                                    269.867    -0.000

   1   3p3/2 -3/2  -2  12      -3.29830178        -5670.721    -1.000
   1   3p3/2 -1/2  -2   5      -3.32372328        -1916.308    -0.907
   1   3p1/2 -1/2   1   5      -3.57406873       -10189.589     0.907
   1   3p3/2  1/2  -2   6      -3.35594482         6570.188    -0.824
   1   3p1/2  1/2   1   6      -3.54144328         5476.037     0.824
   1   3p3/2  3/2  -2   4      -3.48776187         5729.726     1.000
                                                     -0.667    -0.000

  ---------------------------------------------------------
                                                   -286.778
                                      (S)          -287.846
  *********************************************************


          integrated core charge density for atom type    1: 18.00000000
          integrated core  spin  density for atom type    1:  0.00000287

  ATOM   IT      :     2
  ATOMIC NUMBER  :    13

  IT          MUE  KAP ITER      ENERGY        B (k-Gauss)      <S_z>  
   2   1s1/2 -1/2  -1   6    -110.11018633      -340656.080    -0.997
   2   1s1/2  1/2  -1   3    -110.10958312       340656.401     0.997
                                                      0.321    -0.000

   2   2s1/2 -1/2  -1  11      -7.43320249       -23104.188    -1.000
   2   2s1/2  1/2  -1   3      -7.43250231        23104.222     1.000
                                                      0.034    -0.000

   2   2p3/2 -3/2  -2  17      -4.64578233        -3505.175    -1.000
   2   2p3/2 -1/2  -2   4      -4.64550082        -1194.330    -0.310
   2   2p1/2 -1/2   1   5      -4.67774726        -5919.153     0.310
   2   2p3/2  1/2  -2   4      -4.64522413         1144.313     0.356
   2   2p1/2  1/2   1   4      -4.67802365         5969.023    -0.355
   2   2p3/2  3/2  -2   3      -4.64495203         3505.325     1.000
                                                      0.003    -0.000

  ---------------------------------------------------------
                                                      0.358
                                      (S)             0.355
  *********************************************************


          integrated core charge density for atom type    2: 10.00000000
          integrated core  spin  density for atom type    2:  0.00000010

 <SCF>:     TOTNOS       0.0000000000  TOTNOSX     15.3374692970
 <SCF>:     TOTDOSEF    99.9436408630  TOTDOSEFX   99.9436408630

 <CHRDNS>:  TOTNOS      15.3374692970  DQ          -3.6625307030
 <CHRDNS>:  TOTDOS      99.9436408630  TOTDOSX     99.9436408630


 *******************************************************************************

 SPRKKR-run for: System:

 results extrapolated to corrected Fermi energy:
 CHARGE MISFIT      -3.66253070 els.
 E_F CORRECTION      0.03664596
 NEW FERMI ENERGY    0.33068808


  33 E= 0.3307 0.0000          IT=   1  Fe      
         DOS      NOS     P_spin   m_spin    P_orb    m_orb     B_val      B_core
  s    1.3213   0.8555   -0.3945   0.0118   0.00001 -0.00000     0.00 s      0.00
  p    3.2409   0.8896    0.1909   0.0686   0.02332 -0.00217     0.00 ns     0.00
  d   40.6768   6.0780   19.7532   4.1104   3.07355  0.06055     0.00 cor    0.00
 mix  -0.1063  -0.2345    0.4100   0.0431   0.00597 -0.00116     0.00 v+c
 sum  45.1327   7.5886   19.9597   4.2339   3.10285  0.05722     0.00 v+c -286.78
 -------------------------------------------------------------------------------

  33 E= 0.3307 0.0000          IT=   2  Al      
         DOS      NOS     P_spin   m_spin    P_orb    m_orb     B_val      B_core
  s    0.5075   1.3883    0.3939  -0.0224  -0.00002  0.00000     0.00 s      0.00
  p    7.1796   2.1561   -4.8786  -0.2858   0.03399 -0.00065     0.00 ns     0.00
  d    1.9014   0.4239   -0.1667   0.1327  -0.03793 -0.00170     0.00 cor    0.00
 mix   0.0898  -0.1455   -0.0716  -0.0238  -0.00381  0.00011     0.00 v+c
 sum   9.6783   3.8228   -4.7230  -0.1993  -0.00776 -0.00224     0.00 v+c    0.36
 -------------------------------------------------------------------------------
 TOT  99.9436  19.0000             8.2686            0.11220
 E_band         3.39916233 [Ry]
 ===============================================================================
 IT   1  spin     DNS        4.2339100264
                  INT        4.2339129833     RAT   0.9999993016
 IT   2  spin     DNS       -0.1992667129
                  INT       -0.1992666512     RAT   1.0000003092

 ###############################################################################
                         integrals in <CHRDNS>  NOT OK
 ###############################################################################


 <FPCHRDNS>:  check integrals for RHO2NS from core solver

          IT =  1  CORE   CHR:    18.000000000000
          IT =  1  CORE   SPN:     0.000002874958
          IT =  2  CORE   CHR:    10.000000000000
          IT =  2  CORE   SPN:     0.000000098724

 *******************************************************************************
 *******************************************************************************
                   setting up new potential in <FPSCFNEWPOT>
 *******************************************************************************
 *******************************************************************************

     <SYMMETRIZE_FLMT_REP>  chr:  IT=  1   max rel diff =         0.0000000000
     <SYMMETRIZE_FLMT_REP>  chr:  IT=  2   max rel diff =         0.0000000000
     <SYMMETRIZE_FLMT_REP>  spn:  IT=  1   max rel diff =         0.0000000000
     <SYMMETRIZE_FLMT_REP>  spn:  IT=  2   max rel diff =         0.0000000000

     charge neutrality      0.000000000000 els.


     charge moments for atom type  IT =  1   Fe

     LM            muffin-tin                 interstitial            total
      1      24.46000  (   6.90004)       1.12857  (   0.31837)      25.58858
      7      -0.13477  (  -0.03802)       2.94225  (   0.82999)       2.80748
      9      -0.59262  (  -0.16718)       4.84722  (   1.36737)       4.25460
     21      -0.83911  (  -0.23671)     -40.44352  ( -11.40891)     -41.28264
     23      -0.70607  (  -0.19918)     121.30769  (  34.22027)     120.60161
     25       0.58152  (   0.16404)      55.05898  (  15.53185)      55.64050

     charge moments for atom type  IT =  2   Al

     LM            muffin-tin                 interstitial            total
      1      12.61491  (   3.55860)       1.20794  (   0.34075)      13.82285
      7       0.63554  (   0.17928)      -6.31106  (  -1.78032)      -5.67552
     21      -0.31181  (  -0.08796)     100.08196  (  28.23260)      99.77015
     25       0.34404  (   0.09705)    -104.03853  ( -29.34873)    -103.69448
  
     atom site IQ =  1  Q(netto) =  -0.41142327 els.
     atom site IQ =  3  Q(netto) =   0.82284653 els.

     charge moments for atom site  IQ =  1   (including  -Z)

     LM            muffin-tin                 interstitial            total
      1      24.46000                     1.12857                    -0.41142
      7      -0.13477                     2.94225                     2.80748
      9      -0.59262                     4.84722                     4.25460
     21      -0.83911                   -40.44352                   -41.28264
     23      -0.70607                   121.30769                   120.60161
     25       0.58152                    55.05898                    55.64050

     charge moments for atom site  IQ =  2   (including  -Z)

     LM            muffin-tin                 interstitial            total
      1      24.46000                     1.12857                    -0.41142
      7      -0.13477                     2.94225                     2.80748
      9       0.59262                    -4.84722                    -4.25460
     21      -0.83911                   -40.44352                   -41.28264
     23       0.70607                  -121.30769                  -120.60161
     25       0.58152                    55.05898                    55.64050

     charge moments for atom site  IQ =  3   (including  -Z)

     LM            muffin-tin                 interstitial            total
      1      12.61491                     1.20794                     0.82285
      7       0.63554                    -6.31106                    -5.67552
     21      -0.31181                   100.08196                    99.77015
     25       0.34404                  -104.03853                  -103.69448

     atom type IT= 1  EPOTIN =  4031.20816722
          0:   4031.137364 1:      0.000000 2:      0.057198 3:      0.000000
          4:      0.013605

     atom type IT= 2  EPOTIN =   749.71424862
          0:    749.675505 1:      0.000000 2:      0.031232 3:      0.000000
          4:      0.007512

 *******************************************************************************
                                  total energies
 *******************************************************************************

 Fermi energy  0.330688 Ry

 contribution to total energy of atom type IT=  1   Fe

 core     s:  -1153.847514 p:   -321.662437 d:      0.000000 f:      0.000000
 valence  s:      0.037499 p:      0.107612 d:      1.418402
 Coulomb  0:  -4992.356271 1:      0.000000 2:     -0.047025 3:      0.000000
          4:     -0.010208
 ex.-cor. 0:   -105.431164 1:      0.000000 2:      0.065428 3:      0.000000
          4:      0.014813

 sum of single particle energies:  -1473.9464380744
 total contribution of the atom:   -2540.5026968710

 contribution to total energy of atom type IT=  2   Al

 core     s:   -235.085474 p:    -27.937230 d:      0.000000 f:      0.000000
 valence  s:     -0.150802 p:      0.346010 d:      0.076929
 Coulomb  0:   -934.547281 1:      0.000000 2:     -0.049752 3:      0.000000
          4:     -0.011494
 ex.-cor. 0:    -36.085585 1:      0.000000 2:      0.047665 3:      0.000000
          4:      0.011254

 sum of single particle energies:   -262.7505672707
 total contribution of the atom:    -483.6715115190

 total energy                      -5564.6769052609 Ry

 *******************************************************************************
          shift of muffin-tin zero  VMTZ  -0.420767
 *******************************************************************************

     rms-error for type  1:  V =  7.5739D+00     B =  2.4752D-01
     rms-error for type  2:  V =  1.3232D+01     B =  1.8500D-01
     iter.   8     average:  V =  1.3232D+01     B =  2.4752D-01

     execution time for last iteration        10.744 sec


 *******************************************************************************
   8 ERR 0.132E+02 0.248E+00 EF  0.33069  0.03665 D  99.944 M   8.2686   0.1122
     ETOT      -5564.67690526    SCF - cycle not converged  -  continue
 *******************************************************************************



 *******************************************************************************
                                  <SCFCHKNVAL>
 *******************************************************************************

          fix core and semi-core states and lower boundary for valence band

          bottom of energy contour for band states  EMIN   =  -0.390
          lower limit for semi-core states          ESCBOT =  -0.390
          upper limit for core states               ECTOP  =  -3.410

          table of detected bound states  (ignoring exchange splitting)

          elmt  IT   Z   n  l   j        E (Ry)      NSH  NSUM  state  changed

          Fe     1  26   1  s  1/2    -512.075218     2     2    core     -
          Fe     1  26   2  s  1/2     -59.015752     2     4    core     -
          Fe     1  26   2  p  1/2     -50.815377
          Fe     1  26   2  p  3/2     -49.900431     6    10    core     -
          Fe     1  26   3  s  1/2      -5.902046     2    12    core     -
          Fe     1  26   3  p  1/2      -3.522073
          Fe     1  26   3  p  3/2      -3.410436     6    18    core     -

          Al     2  13   1  s  1/2    -110.122456     2     2    core     -
          Al     2  13   2  s  1/2      -7.445707     2     4    core     -
          Al     2  13   2  p  1/2      -4.690677
          Al     2  13   2  p  3/2      -4.658164     6    10    core     -
          Al     2  13   3  s  1/2      -0.106670     2    12    semi     -



  ATOM   IT      :     1
  ATOMIC NUMBER  :    26

  IT          MUE  KAP ITER      ENERGY        B (k-Gauss)      <S_z>  
   1   1s1/2 -1/2  -1   6    -512.07469599     -2973249.493    -0.988
   1   1s1/2  1/2  -1   3    -512.07574006      2973227.498     0.988
                                                    -21.994     0.000

   1   2s1/2 -1/2  -1   7     -58.96801997      -276759.001    -0.998
   1   2s1/2  1/2  -1   3     -59.06352856       276215.159     0.998
                                                   -543.842     0.000

   1   2p3/2 -3/2  -2   8     -49.86317417       -46587.100    -0.997
   1   2p3/2 -1/2  -2   4     -49.88674953       -14577.419    -0.401
   1   2p1/2 -1/2   1   5     -50.82879854       -83518.725     0.400
   1   2p3/2  1/2  -2   4     -49.91153300        16705.601     0.258
   1   2p1/2  1/2   1   4     -50.80462854        81483.959    -0.257
   1   2p3/2  3/2  -2   3     -49.93773540        46495.443     0.998
                                                      1.759     0.000

   1   3s1/2 -1/2  -1  10      -5.80310530       -39623.126    -1.000
   1   3s1/2  1/2  -1   4      -6.00102471        39898.513     1.000
                                                    275.387    -0.000

   1   3p3/2 -3/2  -2  12      -3.31446040        -5675.601    -1.000
   1   3p3/2 -1/2  -2   5      -3.34001325        -1924.964    -0.909
   1   3p1/2 -1/2   1   5      -3.59279028       -10192.998     0.909
   1   3p3/2  1/2  -2   6      -3.37236136         6607.793    -0.828
   1   3p1/2  1/2   1   6      -3.56002971         5449.211     0.828
   1   3p3/2  3/2  -2   4      -3.50650201         5735.882     1.000
                                                     -0.677    -0.000

  ---------------------------------------------------------
                                                   -289.367
                                      (S)          -290.449
  *********************************************************


          integrated core charge density for atom type    1: 18.00000000
          integrated core  spin  density for atom type    1:  0.00000334

  ATOM   IT      :     2
  ATOMIC NUMBER  :    13

  IT          MUE  KAP ITER      ENERGY        B (k-Gauss)      <S_z>  
   2   1s1/2 -1/2  -1   6    -110.12278766      -340656.350    -0.997
   2   1s1/2  1/2  -1   3    -110.12212379       340656.936     0.997
                                                      0.586    -0.000

   2   2s1/2 -1/2  -1  11      -7.44610451       -23104.259    -1.000
   2   2s1/2  1/2  -1   3      -7.44530928        23104.385     1.000
                                                      0.126    -0.000

   2   2p3/2 -3/2  -2  17      -4.65863831        -3505.176    -1.000
   2   2p3/2 -1/2  -2   4      -4.65831559        -1198.207    -0.307
   2   2p1/2 -1/2   1   6      -4.69052534        -5915.326     0.307
   2   2p3/2  1/2  -2   4      -4.65799920         1141.005     0.359
   2   2p1/2  1/2   1   4      -4.69084136         5972.348    -0.359
   2   2p3/2  3/2  -2   3      -4.65768878         3505.360     1.000
                                                      0.003    -0.000

  ---------------------------------------------------------
                                                      0.715
                                      (S)             0.712
  *********************************************************


          integrated core charge density for atom type    2: 10.00000000
          integrated core  spin  density for atom type    2:  0.00000013

 <SCF>:     TOTNOS       0.0000000000  TOTNOSX     18.3114081071
 <SCF>:     TOTDOSEF    45.0301478242  TOTDOSEFX   45.0301478242

 <CHRDNS>:  TOTNOS      18.3114081071  DQ          -0.6885918929
 <CHRDNS>:  TOTDOS      45.0301478242  TOTDOSX     45.0301478242


 *******************************************************************************

 SPRKKR-run for: System:

 results extrapolated to corrected Fermi energy:
 CHARGE MISFIT      -0.68859189 els.
 E_F CORRECTION      0.01529180
 NEW FERMI ENERGY    0.34597987


  33 E= 0.3460 0.0000          IT=   1  Fe      
         DOS      NOS     P_spin   m_spin    P_orb    m_orb     B_val      B_core
  s    0.5209   0.8524   -0.0072   0.0152  -0.00000 -0.00000     0.00 s      0.00
  p    3.0994   0.9421   -0.8840   0.0499  -0.00616 -0.00247     0.00 ns     0.00
  d   16.5954   6.0413   -9.7613   3.0482   1.63462  0.06341     0.00 cor    0.00
 mix  -0.0929  -0.2570    0.1222   0.0531   0.01863 -0.00115     0.00 v+c
 sum  20.1229   7.5788  -10.5304   3.1663   1.64708  0.05979     0.00 v+c -289.37
 -------------------------------------------------------------------------------

  33 E= 0.3460 0.0000          IT=   2  Al      
         DOS      NOS     P_spin   m_spin    P_orb    m_orb     B_val      B_core
  s    0.2994   1.3989    0.2494  -0.0135  -0.00001  0.00000     0.00 s      0.00
  p    2.6112   2.1308    0.1822  -0.2000   0.06692  0.00109     0.00 ns     0.00
  d    1.8628   0.4676   -1.0890   0.0811  -0.01921 -0.00208     0.00 cor    0.00
 mix   0.0109  -0.1549   -0.1668  -0.0262   0.02632  0.00117     0.00 v+c
 sum   4.7843   3.8423   -0.8242  -0.1586   0.07402  0.00019     0.00 v+c    0.72
 -------------------------------------------------------------------------------
 TOT  45.0301  19.0000             6.1739            0.11976
 E_band         3.26416604 [Ry]
 ===============================================================================
 IT   1  spin     DNS        3.1662823784
                  INT        3.1662856917     RAT   0.9999989536
 IT   2  spin     DNS       -0.1586219441
                  INT       -0.1586219080     RAT   1.0000002276

 ###############################################################################
                         integrals in <CHRDNS>  NOT OK
 ###############################################################################


 <FPCHRDNS>:  check integrals for RHO2NS from core solver

          IT =  1  CORE   CHR:    18.000000000000
          IT =  1  CORE   SPN:     0.000003339601
          IT =  2  CORE   CHR:    10.000000000000
          IT =  2  CORE   SPN:     0.000000134101

 *******************************************************************************
 *******************************************************************************
                   setting up new potential in <FPSCFNEWPOT>
 *******************************************************************************
 *******************************************************************************

     <SYMMETRIZE_FLMT_REP>  chr:  IT=  1   max rel diff =         0.0000000000
     <SYMMETRIZE_FLMT_REP>  chr:  IT=  2   max rel diff =         0.0000000000
     <SYMMETRIZE_FLMT_REP>  spn:  IT=  1   max rel diff =         0.0000000000
     <SYMMETRIZE_FLMT_REP>  spn:  IT=  2   max rel diff =         0.0000000000

     charge neutrality     -0.000000000000 els.


     charge moments for atom type  IT =  1   Fe

     LM            muffin-tin                 interstitial            total
      1      24.41585  (   6.88759)       1.16297  (   0.32807)      25.57883
      7      -0.55668  (  -0.15704)       2.89791  (   0.81749)       2.34123
      9      -0.69947  (  -0.19732)       4.95651  (   1.39820)       4.25704
     21       0.47140  (   0.13298)     -39.85980  ( -11.24424)     -39.38839
     23      -1.47088  (  -0.41493)     122.22893  (  34.48014)     120.75806
     25      -1.40751  (  -0.39705)      55.93152  (  15.77799)      54.52401

     charge moments for atom type  IT =  2   Al

     LM            muffin-tin                 interstitial            total
      1      12.62907  (   3.56260)       1.21327  (   0.34226)      13.84235
      7       0.74005  (   0.20877)      -6.28138  (  -1.77195)      -5.54133
     21      -0.39181  (  -0.11053)     101.42077  (  28.61027)     101.02897
     25       0.22730  (   0.06412)    -107.66912  ( -30.37290)    -107.44182
  
     atom site IQ =  1  Q(netto) =  -0.42117360 els.
     atom site IQ =  3  Q(netto) =   0.84234721 els.

     charge moments for atom site  IQ =  1   (including  -Z)

     LM            muffin-tin                 interstitial            total
      1      24.41585                     1.16297                    -0.42117
      7      -0.55668                     2.89791                     2.34123
      9      -0.69947                     4.95651                     4.25704
     21       0.47140                   -39.85980                   -39.38839
     23      -1.47088                   122.22893                   120.75806
     25      -1.40751                    55.93152                    54.52401

     charge moments for atom site  IQ =  2   (including  -Z)

     LM            muffin-tin                 interstitial            total
      1      24.41585                     1.16297                    -0.42117
      7      -0.55668                     2.89791                     2.34123
      9       0.69947                    -4.95651                    -4.25704
     21       0.47140                   -39.85980                   -39.38839
     23       1.47088                  -122.22893                  -120.75806
     25      -1.40751                    55.93152                    54.52401

     charge moments for atom site  IQ =  3   (including  -Z)

     LM            muffin-tin                 interstitial            total
      1      12.62907                     1.21327                     0.84235
      7       0.74005                    -6.28138                    -5.54133
     21      -0.39181                   101.42077                   101.02897
     25       0.22730                  -107.66912                  -107.44182

     atom type IT= 1  EPOTIN =  4030.33450926
          0:   4030.253192 1:      0.000000 2:      0.062142 3:      0.000000
          4:      0.019176

     atom type IT= 2  EPOTIN =   749.91894336
          0:    749.876674 1:      0.000000 2:      0.035931 3:      0.000000
          4:      0.006339

 *******************************************************************************
                                  total energies
 *******************************************************************************

 Fermi energy  0.345980 Ry

 contribution to total energy of atom type IT=  1   Fe

 core     s:  -1153.986115 p:   -321.918776 d:      0.000000 f:      0.000000
 valence  s:      0.030465 p:      0.121932 d:      1.354108
 Coulomb  0:  -4991.124851 1:      0.000000 2:     -0.049675 3:      0.000000
          4:     -0.018110
 ex.-cor. 0:   -105.162054 1:      0.000000 2:      0.067259 3:      0.000000
          4:      0.024675

 sum of single particle energies:  -1474.3983860113
 total contribution of the atom:   -2540.3266327649

 contribution to total energy of atom type IT=  2   Al

 core     s:   -235.136325 p:    -28.014009 d:      0.000000 f:      0.000000
 valence  s:     -0.160496 p:      0.323502 d:      0.088151
 Coulomb  0:   -934.577626 1:      0.000000 2:     -0.053962 3:      0.000000
          4:     -0.009992
 ex.-cor. 0:    -36.105385 1:      0.000000 2:      0.052171 3:      0.000000
          4:      0.010473

 sum of single particle energies:   -262.8991773335
 total contribution of the atom:    -483.6645543537

 total energy                      -5564.3178198835 Ry

 *******************************************************************************
          shift of muffin-tin zero  VMTZ  -0.427737
 *******************************************************************************

     rms-error for type  1:  V =  7.0331D+00     B =  2.6785D-01
     rms-error for type  2:  V =  1.3062D+01     B =  2.2580D-01
     iter.   9     average:  V =  1.3062D+01     B =  2.6785D-01

     execution time for last iteration        11.130 sec


 *******************************************************************************
   9 ERR 0.131E+02 0.268E+00 EF  0.34598  0.01529 D  45.030 M   6.1739   0.1198
     ETOT      -5564.31781988    SCF - cycle not converged  -  continue
 *******************************************************************************



 *******************************************************************************
                                  <SCFCHKNVAL>
 *******************************************************************************

          fix core and semi-core states and lower boundary for valence band

          bottom of energy contour for band states  EMIN   =  -0.390
          lower limit for semi-core states          ESCBOT =  -0.390
          upper limit for core states               ECTOP  =  -3.522

          table of detected bound states  (ignoring exchange splitting)

          elmt  IT   Z   n  l   j        E (Ry)      NSH  NSUM  state  changed

          Fe     1  26   1  s  1/2    -512.245341     2     2    core     -
          Fe     1  26   2  s  1/2     -59.185090     2     4    core     -
          Fe     1  26   2  p  1/2     -50.985549
          Fe     1  26   2  p  3/2     -50.070516     6    10    core     -
          Fe     1  26   3  s  1/2      -6.018887     2    12    core     -
          Fe     1  26   3  p  1/2      -3.634421
          Fe     1  26   3  p  3/2      -3.521727     6    18    core     -

          Al     2  13   1  s  1/2    -110.114187     2     2    core     -
          Al     2  13   2  s  1/2      -7.435691     2     4    core     -
          Al     2  13   2  p  1/2      -4.680848
          Al     2  13   2  p  3/2      -4.648329     6    10    core     -



  ATOM   IT      :     1
  ATOMIC NUMBER  :    26

  IT          MUE  KAP ITER      ENERGY        B (k-Gauss)      <S_z>  
   1   1s1/2 -1/2  -1   6    -512.24508230     -2973238.315    -0.988
   1   1s1/2  1/2  -1   2    -512.24560060      2973223.861     0.988
                                                    -14.454     0.000

   1   2s1/2 -1/2  -1   7     -59.15259525      -276704.032    -0.998
   1   2s1/2  1/2  -1   3     -59.21760486       276335.251     0.998
                                                   -368.781     0.000

   1   2p3/2 -3/2  -2   8     -50.04518107       -46576.937    -0.997
   1   2p3/2 -1/2  -2   4     -50.06148202       -14852.072    -0.380
   1   2p1/2 -1/2   1   5     -50.99439602       -83268.133     0.378
   1   2p3/2  1/2  -2   4     -50.07835710        16296.765     0.283
   1   2p1/2  1/2   1   4     -50.97793819        81886.924    -0.281
   1   2p3/2  3/2  -2   3     -50.09587268        46514.665     0.998
                                                      1.212     0.000

   1   3s1/2 -1/2  -1  10      -5.95396326       -39899.239    -1.000
   1   3s1/2  1/2  -1   4      -6.08383474        40108.549     1.000
                                                    209.310    -0.000

   1   3p3/2 -3/2  -2  12      -3.45905257        -5736.879    -1.000
   1   3p3/2 -1/2  -2   5      -3.48072348        -1727.717    -0.838
   1   3p1/2 -1/2   1   5      -3.67563387       -10494.367     0.838
   1   3p3/2  1/2  -2   6      -3.50896303         5411.544    -0.639
   1   3p1/2  1/2   1   6      -3.64708266         6764.189     0.639
   1   3p3/2  3/2  -2   4      -3.58445618         5782.675     1.000
                                                     -0.554    -0.000

  ---------------------------------------------------------
                                                   -173.267
                                      (S)          -173.925
  *********************************************************


          integrated core charge density for atom type    1: 18.00000000
          integrated core  spin  density for atom type    1: -0.00000187

  ATOM   IT      :     2
  ATOMIC NUMBER  :    13

  IT          MUE  KAP ITER      ENERGY        B (k-Gauss)      <S_z>  
   2   1s1/2 -1/2  -1   6    -110.11410281      -340656.891    -0.997
   2   1s1/2  1/2  -1   3    -110.11427101       340655.375     0.997
                                                     -1.516     0.000

   2   2s1/2 -1/2  -1  11      -7.43562954       -23105.640    -1.000
   2   2s1/2  1/2  -1   3      -7.43575168        23106.529     1.000
                                                      0.889    -0.000

   2   2p3/2 -3/2  -2  17      -4.64823444        -3505.618    -1.000
   2   2p3/2 -1/2  -2   4      -4.64829740        -1162.897    -0.338
   2   2p1/2 -1/2   1   5      -4.68087988        -5951.576     0.338
   2   2p3/2  1/2  -2   3      -4.64836061         1174.346     0.328
   2   2p1/2  1/2   1   3      -4.68081591         5939.915    -0.328
   2   2p3/2  3/2  -2   3      -4.64842407         3505.829     1.000
                                                     -0.001    -0.000

  ---------------------------------------------------------
                                                     -0.628
                                      (S)            -0.626
  *********************************************************


          integrated core charge density for atom type    2: 10.00000000
          integrated core  spin  density for atom type    2: -0.00000000

 <SCF>:     TOTNOS       0.0000000000  TOTNOSX     24.8335224346
 <SCF>:     TOTDOSEF    47.6762099002  TOTDOSEFX   47.6762099002

 <CHRDNS>:  TOTNOS      24.8335224346  DQ           5.8335224346
 <CHRDNS>:  TOTDOS      47.6762099002  TOTDOSX     47.6762099002


 *******************************************************************************

 SPRKKR-run for: System:

 results extrapolated to corrected Fermi energy:
 CHARGE MISFIT       5.83352243 els.
 E_F CORRECTION     -0.12235709
 NEW FERMI ENERGY    0.22362278


  33 E= 0.2236 0.0000          IT=   1  Fe      
         DOS      NOS     P_spin   m_spin    P_orb    m_orb     B_val      B_core
  s    0.9678   0.7404    0.3834  -0.0415  -0.00001  0.00000     0.00 s      0.00
  p    2.9513   0.5904   -0.2941   0.0355  -0.01602  0.00364     0.00 ns     0.00
  d   16.5724   6.9407   -9.7576   1.7257  -1.47198  0.22120     0.00 cor    0.00
 mix   0.0029  -0.1996   -0.0405   0.0087  -0.02088  0.00276     0.00 v+c
 sum  20.4944   8.0718   -9.7089   1.7283  -1.50889  0.22760     0.00 v+c -173.27
 -------------------------------------------------------------------------------

  33 E= 0.2236 0.0000          IT=   2  Al      
         DOS      NOS     P_spin   m_spin    P_orb    m_orb     B_val      B_core
  s    0.9247   1.2737    0.1016  -0.0049  -0.00000  0.00000     0.00 s      0.00
  p    4.6861   1.3639    1.2916  -0.2380   0.00520  0.00021     0.00 ns     0.00
  d    1.2146   0.3727   -0.1755  -0.0093   0.01002 -0.00160     0.00 cor    0.00
 mix  -0.1379  -0.1540    0.0146  -0.0071   0.00389 -0.00055     0.00 v+c
 sum   6.6874   2.8563    1.2323  -0.2592   0.01910 -0.00194     0.00 v+c   -0.63
 -------------------------------------------------------------------------------
 TOT  47.6762  19.0000             3.1975            0.45325
 E_band         2.19954573 [Ry]
 ===============================================================================
 IT   1  spin     DNS        1.7283456055
                  INT        1.7283458357     RAT   0.9999998668
 IT   2  spin     DNS       -0.2591756975
                  INT       -0.2591755358     RAT   1.0000006239

 ###############################################################################
                         integrals in <CHRDNS>  NOT OK
 ###############################################################################


 <FPCHRDNS>:  check integrals for RHO2NS from core solver

          IT =  1  CORE   CHR:    18.000000000000
          IT =  1  CORE   SPN:    -0.000001865906
          IT =  2  CORE   CHR:    10.000000000000
          IT =  2  CORE   SPN:    -0.000000003649
 *******************************************************************************
 maximum  E_F CORRECTION  exceeded
 NEW E_F CORRECTION -0.10000
 NEW FERMI ENERGY    0.24598


 *******************************************************************************
 *******************************************************************************
                   setting up new potential in <FPSCFNEWPOT>
 *******************************************************************************
 *******************************************************************************

     <SYMMETRIZE_FLMT_REP>  chr:  IT=  1   max rel diff =         0.0000000000
     <SYMMETRIZE_FLMT_REP>  chr:  IT=  2   max rel diff =         0.0000000000
     <SYMMETRIZE_FLMT_REP>  spn:  IT=  1   max rel diff =         0.0000000000
     <SYMMETRIZE_FLMT_REP>  spn:  IT=  2   max rel diff =         0.0000000000

     charge neutrality      0.000000000000 els.


     charge moments for atom type  IT =  1   Fe

     LM            muffin-tin                 interstitial            total
      1      25.13606  (   7.09075)       0.93577  (   0.26398)      26.07183
      7       0.85324  (   0.24070)       2.30427  (   0.65002)       3.15752
      9      -0.53967  (  -0.15224)       3.51875  (   0.99262)       2.97908
     21      -0.40337  (  -0.11379)     -30.33139  (  -8.55633)     -30.73476
     23       0.04026  (   0.01136)      95.45703  (  26.92793)      95.49729
     25      -1.53324  (  -0.43252)      42.81256  (  12.07720)      41.27932

     charge moments for atom type  IT =  2   Al

     LM            muffin-tin                 interstitial            total
      1      11.89476  (   3.35545)       0.96158  (   0.27126)      12.85633
      7       1.02181  (   0.28825)      -4.93676  (  -1.39263)      -3.91495
     21      -0.23785  (  -0.06710)      86.94417  (  24.52650)      86.70632
     25       0.15108  (   0.04262)     -95.61382  ( -26.97216)     -95.46274
  
     atom site IQ =  1  Q(netto) =   0.07183383 els.
     atom site IQ =  3  Q(netto) =  -0.14366767 els.

     charge moments for atom site  IQ =  1   (including  -Z)

     LM            muffin-tin                 interstitial            total
      1      25.13606                     0.93577                     0.07183
      7       0.85324                     2.30427                     3.15752
      9      -0.53967                     3.51875                     2.97908
     21      -0.40337                   -30.33139                   -30.73476
     23       0.04026                    95.45703                    95.49729
     25      -1.53324                    42.81256                    41.27932

     charge moments for atom site  IQ =  2   (including  -Z)

     LM            muffin-tin                 interstitial            total
      1      25.13606                     0.93577                     0.07183
      7       0.85324                     2.30427                     3.15752
      9       0.53967                    -3.51875                    -2.97908
     21      -0.40337                   -30.33139                   -30.73476
     23      -0.04026                   -95.45703                   -95.49729
     25      -1.53324                    42.81256                    41.27932

     charge moments for atom site  IQ =  3   (including  -Z)

     LM            muffin-tin                 interstitial            total
      1      11.89476                     0.96158                    -0.14367
      7       1.02181                    -4.93676                    -3.91495
     21      -0.23785                    86.94417                    86.70632
     25       0.15108                   -95.61382                   -95.46274

     atom type IT= 1  EPOTIN =  4048.02000743
          0:   4047.941174 1:      0.000000 2:      0.066195 3:      0.000000
          4:      0.012638

     atom type IT= 2  EPOTIN =   747.41908568
          0:    747.378442 1:      0.000000 2:      0.034720 3:      0.000000
          4:      0.005924

 *******************************************************************************
                                  total energies
 *******************************************************************************

 Fermi energy  0.245980 Ry

 contribution to total energy of atom type IT=  1   Fe

 core     s:  -1154.898681 p:   -323.609139 d:      0.000000 f:      0.000000
 valence  s:     -0.005013 p:     -0.006193 d:      1.155263
 Coulomb  0:  -5004.805200 1:      0.000000 2:     -0.009471 3:      0.000000
          4:     -0.004674
 ex.-cor. 0:   -106.967103 1:      0.000000 2:      0.049068 3:      0.000000
          4:      0.009950

 sum of single particle energies:  -1477.3637627049
 total contribution of the atom:   -2541.0711842728

 contribution to total energy of atom type IT=  2   Al

 core     s:   -235.099755 p:    -27.955012 d:      0.000000 f:      0.000000
 valence  s:     -0.189552 p:      0.056722 d:      0.044262
 Coulomb  0:   -932.760703 1:      0.000000 2:     -0.035277 3:      0.000000
          4:     -0.005888
 ex.-cor. 0:    -35.271394 1:      0.000000 2:      0.047599 3:      0.000000
          4:      0.008143

 sum of single particle energies:   -263.1433359552
 total contribution of the atom:    -483.7417713574

 total energy                      -5565.8841399029 Ry

 *******************************************************************************
          shift of muffin-tin zero  VMTZ  -0.418897
 *******************************************************************************

     rms-error for type  1:  V =  5.6557D+00     B =  4.2228D-01
     rms-error for type  2:  V =  5.2019D+00     B =  2.5988D-01
     iter.  10     average:  V =  5.6557D+00     B =  4.2228D-01

     execution time for last iteration         9.397 sec


 *******************************************************************************
  10 ERR 0.566E+01 0.422E+00 EF  0.24598 -0.10000 D  47.676 M   3.1975   0.4532
     ETOT      -5565.88413990    SCF - cycle not converged  -  continue
 *******************************************************************************



 *******************************************************************************
                                  <SCFCHKNVAL>
 *******************************************************************************

          fix core and semi-core states and lower boundary for valence band

          bottom of energy contour for band states  EMIN   =  -0.390
          lower limit for semi-core states          ESCBOT =  -0.390
          upper limit for core states               ECTOP  =  -3.650

          table of detected bound states  (ignoring exchange splitting)

          elmt  IT   Z   n  l   j        E (Ry)      NSH  NSUM  state  changed

          Fe     1  26   1  s  1/2    -512.448029     2     2    core     -
          Fe     1  26   2  s  1/2     -59.379233     2     4    core     -
          Fe     1  26   2  p  1/2     -51.181642
          Fe     1  26   2  p  3/2     -50.266422     6    10    core     -
          Fe     1  26   3  s  1/2      -6.151889     2    12    core     -
          Fe     1  26   3  p  1/2      -3.763656
          Fe     1  26   3  p  3/2      -3.649954     6    18    core     -

          Al     2  13   1  s  1/2    -110.197427     2     2    core     -
          Al     2  13   2  s  1/2      -7.518422     2     4    core     -
          Al     2  13   2  p  1/2      -4.763419
          Al     2  13   2  p  3/2      -4.730892     6    10    core     -
          Al     2  13   3  s  1/2      -0.143395     2    12    semi     -



  ATOM   IT      :     1
  ATOMIC NUMBER  :    26

  IT          MUE  KAP ITER      ENERGY        B (k-Gauss)      <S_z>  
   1   1s1/2 -1/2  -1   6    -512.44820973     -2973237.928    -0.988
   1   1s1/2  1/2  -1   2    -512.44784799      2973233.033     0.988
                                                     -4.895     0.000

   1   2s1/2 -1/2  -1   7     -59.36666461      -276645.684    -0.998
   1   2s1/2  1/2  -1   3     -59.39180430       276503.385     0.998
                                                   -142.299     0.000

   1   2p3/2 -3/2  -2   8     -50.25671145       -46567.021    -0.997
   1   2p3/2 -1/2  -2   4     -50.26309791       -15250.535    -0.351
   1   2p1/2 -1/2   1   5     -51.18488835       -82907.721     0.350
   1   2p3/2  1/2  -2   3     -50.26957165        15803.471     0.314
   1   2p1/2  1/2   1   3     -51.17857786        82379.485    -0.312
   1   2p3/2  3/2  -2   3     -50.27613641        46542.821     0.997
                                                      0.499     0.000

   1   3s1/2 -1/2  -1  10      -6.13174688       -40175.790    -1.000
   1   3s1/2  1/2  -1   3      -6.17204650        40311.580     1.000
                                                    135.790    -0.000

   1   3p3/2 -3/2  -2  12      -3.63138775        -5795.844    -1.000
   1   3p3/2 -1/2  -2   4      -3.64135134        -1623.761    -0.575
   1   3p1/2 -1/2   1   5      -3.77238979       -10696.922     0.575
   1   3p3/2  1/2  -2   4      -3.65317098         2736.733     0.004
   1   3p1/2  1/2   1   4      -3.76036686         9553.019    -0.004
   1   3p3/2  3/2  -2   3      -3.66855006         5826.348     1.000
                                                     -0.427    -0.000

  ---------------------------------------------------------
                                                    -11.331
                                      (S)           -11.403
  *********************************************************


          integrated core charge density for atom type    1: 18.00000000
          integrated core  spin  density for atom type    1:  0.00000397

  ATOM   IT      :     2
  ATOMIC NUMBER  :    13

  IT          MUE  KAP ITER      ENERGY        B (k-Gauss)      <S_z>  
   2   1s1/2 -1/2  -1   6    -110.19713350      -340658.562    -0.997
   2   1s1/2  1/2  -1   3    -110.19771953       340657.353     0.997
                                                     -1.210     0.000

   2   2s1/2 -1/2  -1  11      -7.51822472       -23109.363    -1.000
   2   2s1/2  1/2  -1   3      -7.51862024        23111.494     1.000
                                                      2.131    -0.000

   2   2p3/2 -3/2  -2  18      -4.73064526        -3506.500    -1.000
   2   2p3/2 -1/2  -2   4      -4.73080779        -1154.360    -0.347
   2   2p1/2 -1/2   1   6      -4.76350383        -5962.207     0.346
   2   2p3/2  1/2  -2   3      -4.73097196         1184.086     0.320
   2   2p1/2  1/2   1   3      -4.76333811         5932.047    -0.319
   2   2p3/2  3/2  -2   3      -4.73113782         3506.932     1.000
                                                     -0.002    -0.000

  ---------------------------------------------------------
                                                      0.919
                                      (S)             0.921
  *********************************************************


          integrated core charge density for atom type    2: 10.00000000
          integrated core  spin  density for atom type    2:  0.00000012

 <SCF>:     TOTNOS       0.0000000000  TOTNOSX     24.6459529495
 <SCF>:     TOTDOSEF    20.0892386473  TOTDOSEFX   20.0892386473

 <CHRDNS>:  TOTNOS      24.6459529495  DQ           5.6459529495
 <CHRDNS>:  TOTDOS      20.0892386473  TOTDOSX     20.0892386473


 *******************************************************************************

 SPRKKR-run for: System:

 results extrapolated to corrected Fermi energy:
 CHARGE MISFIT       5.64595295 els.
 E_F CORRECTION     -0.28104365
 NEW FERMI ENERGY   -0.03506378


  33 E=-0.0351 0.0000          IT=   1  Fe      
         DOS      NOS     P_spin   m_spin    P_orb    m_orb     B_val      B_core
  s    0.7652   0.5865    0.0281  -0.0247  -0.00000  0.00000     0.00 s      0.00
  p    2.0869   0.1959    0.0397  -0.0455  -0.00077  0.00069     0.00 ns     0.00
  d    4.4425   8.0864   -0.5708   0.2461  -0.09609  0.03301     0.00 cor    0.00
 mix   0.0769  -0.2528   -0.0077   0.0033   0.00401 -0.00117     0.00 v+c
 sum   7.3715   8.6159   -0.5106   0.1793  -0.09285  0.03253     0.00 v+c  -11.33
 -------------------------------------------------------------------------------

  33 E=-0.0351 0.0000          IT=   2  Al      
         DOS      NOS     P_spin   m_spin    P_orb    m_orb     B_val      B_core
  s    0.9161   1.1206    0.0802  -0.0164  -0.00000  0.00000     0.00 s      0.00
  p    3.8388   0.5724    0.5964  -0.2262  -0.01069  0.00342     0.00 ns     0.00
  d    0.6221   0.2549   -0.0854   0.0009   0.00208 -0.00057     0.00 cor    0.00
 mix  -0.0308  -0.1797    0.0191  -0.0006  -0.00025  0.00007     0.00 v+c
 sum   5.3462   1.7682    0.6103  -0.2423  -0.00886  0.00292     0.00 v+c    0.92
 -------------------------------------------------------------------------------
 TOT  20.0892  19.0000             0.1162            0.06798
 E_band         0.53671095 [Ry]
 ===============================================================================
 IT   1  spin     DNS        0.1792807492
                  INT        0.1792802537     RAT   1.0000027641
 IT   2  spin     DNS       -0.2423301723
                  INT       -0.2423300974     RAT   1.0000003089

 ###############################################################################
                         integrals in <CHRDNS>  NOT OK
 ###############################################################################


 <FPCHRDNS>:  check integrals for RHO2NS from core solver

          IT =  1  CORE   CHR:    18.000000000000
          IT =  1  CORE   SPN:     0.000003968782
          IT =  2  CORE   CHR:    10.000000000000
          IT =  2  CORE   SPN:     0.000000116846
 *******************************************************************************
 maximum  E_F CORRECTION  exceeded
 NEW E_F CORRECTION -0.10000
 NEW FERMI ENERGY    0.14598


 *******************************************************************************
 *******************************************************************************
                   setting up new potential in <FPSCFNEWPOT>
 *******************************************************************************
 *******************************************************************************

     <SYMMETRIZE_FLMT_REP>  chr:  IT=  1   max rel diff =         0.0000000000
     <SYMMETRIZE_FLMT_REP>  chr:  IT=  2   max rel diff =         0.0000000000
     <SYMMETRIZE_FLMT_REP>  spn:  IT=  1   max rel diff =         0.0000000000
     <SYMMETRIZE_FLMT_REP>  spn:  IT=  2   max rel diff =         0.0000000000

     charge neutrality     -0.000000000000 els.


     charge moments for atom type  IT =  1   Fe

     LM            muffin-tin                 interstitial            total
      1      26.03521  (   7.34440)       0.58070  (   0.16381)      26.61591
      7       0.04685  (   0.01322)       0.81681  (   0.23042)       0.86366
      9      -0.77009  (  -0.21724)       1.01686  (   0.28685)       0.24677
     21      -0.13764  (  -0.03883)     -12.75363  (  -3.59773)     -12.89128
     23      -0.07293  (  -0.02057)      48.98040  (  13.81712)      48.90748
     25       0.46279  (   0.13055)      23.18831  (   6.54130)      23.65110

     charge moments for atom type  IT =  2   Al

     LM            muffin-tin                 interstitial            total
      1      11.15749  (   3.14747)       0.61069  (   0.17227)      11.76818
      7       1.27357  (   0.35927)      -2.53261  (  -0.71444)      -1.25905
     21      -0.14249  (  -0.04020)      58.02840  (  16.36951)      57.88591
     25       0.24957  (   0.07040)     -62.25118  ( -17.56073)     -62.00161
  
     atom site IQ =  1  Q(netto) =   0.61591026 els.
     atom site IQ =  3  Q(netto) =  -1.23182051 els.

     charge moments for atom site  IQ =  1   (including  -Z)

     LM            muffin-tin                 interstitial            total
      1      26.03521                     0.58070                     0.61591
      7       0.04685                     0.81681                     0.86366
      9      -0.77009                     1.01686                     0.24677
     21      -0.13764                   -12.75363                   -12.89128
     23      -0.07293                    48.98040                    48.90748
     25       0.46279                    23.18831                    23.65110

     charge moments for atom site  IQ =  2   (including  -Z)

     LM            muffin-tin                 interstitial            total
      1      26.03521                     0.58070                     0.61591
      7       0.04685                     0.81681                     0.86366
      9       0.77009                    -1.01686                    -0.24677
     21      -0.13764                   -12.75363                   -12.89128
     23       0.07293                   -48.98040                   -48.90748
     25       0.46279                    23.18831                    23.65110

     charge moments for atom site  IQ =  3   (including  -Z)

     LM            muffin-tin                 interstitial            total
      1      11.15749                     0.61069                    -1.23182
      7       1.27357                    -2.53261                    -1.25905
     21      -0.14249                    58.02840                    57.88591
     25       0.24957                   -62.25118                   -62.00161

     atom type IT= 1  EPOTIN =  4072.14295682
          0:   4072.033631 1:      0.000000 2:      0.090788 3:      0.000000
          4:      0.018537

     atom type IT= 2  EPOTIN =   746.08263348
          0:    746.025536 1:      0.000000 2:      0.046713 3:      0.000000
          4:      0.010384

 *******************************************************************************
                                  total energies
 *******************************************************************************

 Fermi energy  0.145980 Ry

 contribution to total energy of atom type IT=  1   Fe

 core     s:  -1155.958320 p:   -325.556200 d:      0.000000 f:      0.000000
 valence  s:     -0.069769 p:     -0.117765 d:      0.697787
 Coulomb  0:  -5022.161481 1:      0.000000 2:     -0.029344 3:      0.000000
          4:      0.003101
 ex.-cor. 0:   -109.532206 1:      0.000000 2:      0.054542 3:      0.000000
          4:      0.002587

 sum of single particle energies:  -1481.0042678940
 total contribution of the atom:   -2540.5241120590

 contribution to total energy of atom type IT=  2   Al

 core     s:   -235.431698 p:    -28.450405 d:      0.000000 f:      0.000000
 valence  s:     -0.295492 p:     -0.183450 d:     -0.004852
 Coulomb  0:   -930.902956 1:      0.000000 2:      0.005507 3:      0.000000
          4:     -0.002379
 ex.-cor. 0:    -34.461755 1:      0.000000 2:      0.040957 3:      0.000000
          4:      0.008406

 sum of single particle energies:   -264.3658968300
 total contribution of the atom:    -483.5954838318

 total energy                      -5564.6437079498 Ry

 *******************************************************************************
          shift of muffin-tin zero  VMTZ  -0.416765
 *******************************************************************************

     rms-error for type  1:  V =  3.4663D+00     B =  4.5523D-01
     rms-error for type  2:  V =  8.2875D+00     B =  3.6032D-01
     iter.  11     average:  V =  8.2875D+00     B =  4.5523D-01

     execution time for last iteration         9.338 sec


 *******************************************************************************
  11 ERR 0.829E+01 0.455E+00 EF  0.14598 -0.10000 D  20.089 M   0.1162   0.0680
     ETOT      -5564.64370795    SCF - cycle not converged  -  continue
 *******************************************************************************



 *******************************************************************************
                                  <SCFCHKNVAL>
 *******************************************************************************

          fix core and semi-core states and lower boundary for valence band

          bottom of energy contour for band states  EMIN   =  -0.390
          lower limit for semi-core states          ESCBOT =  -0.390
          upper limit for core states               ECTOP  =  -3.546

          table of detected bound states  (ignoring exchange splitting)

          elmt  IT   Z   n  l   j        E (Ry)      NSH  NSUM  state  changed

          Fe     1  26   1  s  1/2    -512.292588     2     2    core     -
          Fe     1  26   2  s  1/2     -59.224542     2     4    core     -
          Fe     1  26   2  p  1/2     -51.026192
          Fe     1  26   2  p  3/2     -50.111051     6    10    core     -
          Fe     1  26   3  s  1/2      -6.043044     2    12    core     -
          Fe     1  26   3  p  1/2      -3.658543
          Fe     1  26   3  p  3/2      -3.545741     6    18    core     -

          Al     2  13   1  s  1/2    -110.174736     2     2    core     -
          Al     2  13   2  s  1/2      -7.500242     2     4    core     -
          Al     2  13   2  p  1/2      -4.744958
          Al     2  13   2  p  3/2      -4.712447     6    10    core     -
          Al     2  13   3  s  1/2      -0.136229     2    12    semi     -



  ATOM   IT      :     1
  ATOMIC NUMBER  :    26

  IT          MUE  KAP ITER      ENERGY        B (k-Gauss)      <S_z>  
   1   1s1/2 -1/2  -1   6    -512.29256783     -2973246.676    -0.988
   1   1s1/2  1/2  -1   2    -512.29260754      2973237.336     0.988
                                                     -9.340     0.000

   1   2s1/2 -1/2  -1   7     -59.20289169      -276668.451    -0.998
   1   2s1/2  1/2  -1   3     -59.24620084       276421.643     0.998
                                                   -246.809     0.000

   1   2p3/2 -3/2  -2   8     -50.09422349       -46571.682    -0.997
   1   2p3/2 -1/2  -2   4     -50.10518062       -15063.708    -0.364
   1   2p1/2 -1/2   1   5     -51.03193222       -83077.413     0.363
   1   2p3/2  1/2  -2   4     -50.11639584        16022.395     0.300
   1   2p1/2  1/2   1   4     -51.02099697        82161.253    -0.298
   1   2p3/2  3/2  -2   3     -50.12788860        46529.975     0.998
                                                      0.821     0.000

   1   3s1/2 -1/2  -1  10      -6.00187514       -39951.691    -1.000
   1   3s1/2  1/2  -1   3      -6.08423221        40119.279     1.000
                                                    167.588    -0.000

   1   3p3/2 -3/2  -2  13      -3.50645616        -5746.480    -1.000
   1   3p3/2 -1/2  -2   5      -3.52332728        -1599.077    -0.739
   1   3p1/2 -1/2   1   5      -3.68112169       -10630.079     0.738
   1   3p3/2  1/2  -2   5      -3.54504775         4042.821    -0.362
   1   3p1/2  1/2   1   5      -3.65915013         8148.643     0.363
   1   3p3/2  3/2  -2   3      -3.58506647         5783.712     1.000
                                                     -0.460    -0.000

  ---------------------------------------------------------
                                                    -88.200
                                      (S)           -88.561
  *********************************************************


          integrated core charge density for atom type    1: 18.00000000
          integrated core  spin  density for atom type    1: -0.00000119

  ATOM   IT      :     2
  ATOMIC NUMBER  :    13

  IT          MUE  KAP ITER      ENERGY        B (k-Gauss)      <S_z>  
   2   1s1/2 -1/2  -1   6    -110.17475755      -340655.429    -0.997
   2   1s1/2  1/2  -1   2    -110.17471430       340655.546     0.997
                                                      0.117    -0.000

   2   2s1/2 -1/2  -1  11      -7.50037820       -23102.848    -1.000
   2   2s1/2  1/2  -1   3      -7.50010640        23104.324     1.000
                                                      1.476    -0.000

   2   2p3/2 -3/2  -2  18      -4.71261195        -3504.914    -1.000
   2   2p3/2 -1/2  -2   4      -4.71250103        -1178.448    -0.324
   2   2p1/2 -1/2   1   5      -4.74490458        -5934.861     0.324
   2   2p3/2  1/2  -2   3      -4.71239086         1158.580     0.342
   2   2p1/2  1/2   1   3      -4.74501353         5954.334    -0.342
   2   2p3/2  3/2  -2   3      -4.71228142         3505.309     1.000
                                                      0.001    -0.000

  ---------------------------------------------------------
                                                      1.594
                                      (S)             1.593
  *********************************************************


          integrated core charge density for atom type    2: 10.00000000
          integrated core  spin  density for atom type    2:  0.00000020

 <SCF>:     TOTNOS       0.0000000000  TOTNOSX      8.8720560307
 <SCF>:     TOTDOSEF    75.9863568162  TOTDOSEFX   75.9863568162

 <CHRDNS>:  TOTNOS       8.8720560307  DQ         -10.1279439693
 <CHRDNS>:  TOTDOS      75.9863568162  TOTDOSX     75.9863568162


 *******************************************************************************

 SPRKKR-run for: System:

 results extrapolated to corrected Fermi energy:
 CHARGE MISFIT     -10.12794397 els.
 E_F CORRECTION      0.13328635
 NEW FERMI ENERGY    0.27926622


  33 E= 0.2793 0.0000          IT=   1  Fe      
         DOS      NOS     P_spin   m_spin    P_orb    m_orb     B_val      B_core
  s    1.2482   0.8481   -0.1078  -0.0160   0.00000  0.00000     0.00 s      0.00
  p    2.0740   0.7843    0.0710   0.0090   0.02406  0.00433     0.00 ns     0.00
  d   32.7213   6.5662   18.2086   3.6001  -3.07918 -0.52064     0.00 cor    0.00
 mix  -1.6161  -0.5450   -0.4857  -0.1167   0.07400  0.01793     0.00 v+c
 sum  34.4274   7.6536   17.6861   3.4765  -2.98112 -0.49838     0.00 v+c  -88.20
 -------------------------------------------------------------------------------

  33 E= 0.2793 0.0000          IT=   2  Al      
         DOS      NOS     P_spin   m_spin    P_orb    m_orb     B_val      B_core
  s    0.1775   1.3399   -0.0635  -0.0314   0.00000  0.00000     0.00 s      0.00
  p    4.9024   2.0417   -2.3604  -0.2808  -0.30703 -0.04548     0.00 ns     0.00
  d    2.1383   0.4734    0.8663   0.1601   0.07221  0.01122     0.00 cor    0.00
 mix  -0.0866  -0.1621   -0.2713  -0.0352  -0.03567 -0.00531     0.00 v+c
 sum   7.1315   3.6929   -1.8289  -0.1872  -0.27049 -0.03957     0.00 v+c    1.59
 -------------------------------------------------------------------------------
 TOT  75.9864  19.0000             6.7658           -1.03633
 E_band         1.60432267 [Ry]
 ===============================================================================
 IT   1  spin     DNS        3.4765156657
                  INT        3.4765151898     RAT   1.0000001369
 IT   2  spin     DNS       -0.1872216327
                  INT       -0.1872216844     RAT   0.9999997241

 ###############################################################################
                         integrals in <CHRDNS>  NOT OK
 ###############################################################################


 <FPCHRDNS>:  check integrals for RHO2NS from core solver

          IT =  1  CORE   CHR:    18.000000000000
          IT =  1  CORE   SPN:    -0.000001190704
          IT =  2  CORE   CHR:    10.000000000000
          IT =  2  CORE   SPN:     0.000000202403
 *******************************************************************************
 maximum  E_F CORRECTION  exceeded
 NEW E_F CORRECTION  0.10000
 NEW FERMI ENERGY    0.24598


 *******************************************************************************
 *******************************************************************************
                   setting up new potential in <FPSCFNEWPOT>
 *******************************************************************************
 *******************************************************************************

     <SYMMETRIZE_FLMT_REP>  chr:  IT=  1   max rel diff =         0.0000000000
     <SYMMETRIZE_FLMT_REP>  chr:  IT=  2   max rel diff =         0.0000000000
     <SYMMETRIZE_FLMT_REP>  spn:  IT=  1   max rel diff =         0.0000000000
     <SYMMETRIZE_FLMT_REP>  spn:  IT=  2   max rel diff =         0.0000000000

     charge neutrality     -0.000000000000 els.


     charge moments for atom type  IT =  1   Fe

     LM            muffin-tin                 interstitial            total
      1      24.57111  (   6.93138)       1.08244  (   0.30535)      25.65356
      7      -0.06959  (  -0.01963)       2.82851  (   0.79791)       2.75892
      9      -1.28957  (  -0.36378)       3.91663  (   1.10486)       2.62706
     21       1.40224  (   0.39556)     -35.59317  ( -10.04065)     -34.19093
     23      -3.18223  (  -0.89769)     113.90468  (  32.13192)     110.72245
     25      -4.53223  (  -1.27852)      48.11958  (  13.57428)      43.58735

     charge moments for atom type  IT =  2   Al

     LM            muffin-tin                 interstitial            total
      1      12.47643  (   3.51953)       1.21646  (   0.34316)      13.69288
      7       0.66231  (   0.18684)      -6.66407  (  -1.87990)      -6.00175
     21      -0.18754  (  -0.05290)     107.04374  (  30.19648)     106.85621
     25       0.57961  (   0.16351)    -111.99512  ( -31.59324)    -111.41551
  
     atom site IQ =  1  Q(netto) =  -0.34644122 els.
     atom site IQ =  3  Q(netto) =   0.69288244 els.

     charge moments for atom site  IQ =  1   (including  -Z)

     LM            muffin-tin                 interstitial            total
      1      24.57111                     1.08244                    -0.34644
      7      -0.06959                     2.82851                     2.75892
      9      -1.28957                     3.91663                     2.62706
     21       1.40224                   -35.59317                   -34.19093
     23      -3.18223                   113.90468                   110.72245
     25      -4.53223                    48.11958                    43.58735

     charge moments for atom site  IQ =  2   (including  -Z)

     LM            muffin-tin                 interstitial            total
      1      24.57111                     1.08244                    -0.34644
      7      -0.06959                     2.82851                     2.75892
      9       1.28957                    -3.91663                    -2.62706
     21       1.40224                   -35.59317                   -34.19093
     23       3.18223                  -113.90468                  -110.72245
     25      -4.53223                    48.11958                    43.58735

     charge moments for atom site  IQ =  3   (including  -Z)

     LM            muffin-tin                 interstitial            total
      1      12.47643                     1.21646                     0.69288
      7       0.66231                    -6.66407                    -6.00175
     21      -0.18754                   107.04374                   106.85621
     25       0.57961                  -111.99512                  -111.41551

     atom type IT= 1  EPOTIN =  4038.89981684
          0:   4038.797751 1:      0.000000 2:      0.090271 3:      0.000000
          4:      0.011795

     atom type IT= 2  EPOTIN =   750.02829300
          0:    749.973340 1:      0.000000 2:      0.038089 3:      0.000000
          4:      0.016864

 *******************************************************************************
                                  total energies
 *******************************************************************************

 Fermi energy  0.245980 Ry

 contribution to total energy of atom type IT=  1   Fe

 core     s:  -1155.120375 p:   -323.996787 d:      0.000000 f:      0.000000
 valence  s:     -0.043722 p:      0.026244 d:      0.830704
 Coulomb  0:  -4995.767927 1:      0.000000 2:     -0.041433 3:      0.000000
          4:      0.000984
 ex.-cor. 0:   -105.659809 1:      0.000000 2:      0.075106 3:      0.000000
          4:     -0.000950

 sum of single particle energies:  -1478.3039356582
 total contribution of the atom:   -2540.7981482946

 contribution to total energy of atom type IT=  2   Al

 core     s:   -235.349956 p:    -28.339703 d:      0.000000 f:      0.000000
 valence  s:     -0.232248 p:      0.160261 d:      0.049856
 Coulomb  0:   -934.138264 1:      0.000000 2:     -0.046323 3:      0.000000
          4:     -0.016363
 ex.-cor. 0:    -35.960772 1:      0.000000 2:      0.050305 3:      0.000000
          4:      0.015897

 sum of single particle energies:   -263.7117907719
 total contribution of the atom:    -483.7790175301

 total energy                      -5565.3753141193 Ry

 *******************************************************************************
          shift of muffin-tin zero  VMTZ  -0.434951
 *******************************************************************************

     rms-error for type  1:  V =  6.6492D+00     B =  9.3387D-01
     rms-error for type  2:  V =  7.9723D+00     B =  3.1174D-01
     iter.  12     average:  V =  7.9723D+00     B =  9.3387D-01

     execution time for last iteration         9.433 sec


 *******************************************************************************
  12 ERR 0.797E+01 0.934E+00 EF  0.24598  0.10000 D  75.986 M   6.7658  -1.0363
     ETOT      -5565.37531412    SCF - cycle not converged  -  continue
 *******************************************************************************



 *******************************************************************************
                                  <SCFCHKNVAL>
 *******************************************************************************

          fix core and semi-core states and lower boundary for valence band

          bottom of energy contour for band states  EMIN   =  -0.390
          lower limit for semi-core states          ESCBOT =  -0.390
          upper limit for core states               ECTOP  =  -3.528

          table of detected bound states  (ignoring exchange splitting)

          elmt  IT   Z   n  l   j        E (Ry)      NSH  NSUM  state  changed

          Fe     1  26   1  s  1/2    -512.264248     2     2    core     -
          Fe     1  26   2  s  1/2     -59.197449     2     4    core     -
          Fe     1  26   2  p  1/2     -50.998803
          Fe     1  26   2  p  3/2     -50.083691     6    10    core     -
          Fe     1  26   3  s  1/2      -6.024065     2    12    core     -
          Fe     1  26   3  p  1/2      -3.640205
          Fe     1  26   3  p  3/2      -3.527552     6    18    core     -

          Al     2  13   1  s  1/2    -110.179178     2     2    core     -
          Al     2  13   2  s  1/2      -7.504595     2     4    core     -
          Al     2  13   2  p  1/2      -4.749303
          Al     2  13   2  p  3/2      -4.716789     6    10    core     -
          Al     2  13   3  s  1/2      -0.137499     2    12    semi     -



  ATOM   IT      :     1
  ATOMIC NUMBER  :    26

  IT          MUE  KAP ITER      ENERGY        B (k-Gauss)      <S_z>  
   1   1s1/2 -1/2  -1   6    -512.26425331     -2973245.503    -0.988
   1   1s1/2  1/2  -1   2    -512.26424225      2973237.853     0.988
                                                     -7.650     0.000

   1   2s1/2 -1/2  -1   7     -59.17967307      -276637.843    -0.998
   1   2s1/2  1/2  -1   3     -59.21523172       276435.786     0.998
                                                   -202.058     0.000

   1   2p3/2 -3/2  -2   8     -50.06987813       -46566.558    -0.997
   1   2p3/2 -1/2  -2   4     -50.07890990       -15140.723    -0.359
   1   2p1/2 -1/2   1   5     -51.00347564       -83001.446     0.357
   1   2p3/2  1/2  -2   4     -50.08811674        15927.441     0.306
   1   2p1/2  1/2   1   4     -50.99449838        82249.587    -0.304
   1   2p3/2  3/2  -2   3     -50.09750939        46532.376     0.998
                                                      0.678     0.000

   1   3s1/2 -1/2  -1  10      -5.99117298       -39928.929    -1.000
   1   3s1/2  1/2  -1   3      -6.05697309        40075.405     1.000
                                                    146.476    -0.000

   1   3p3/2 -3/2  -2  13      -3.49632557        -5741.206    -1.000
   1   3p3/2 -1/2  -2   4      -3.51088866        -1577.105    -0.687
   1   3p1/2 -1/2   1   5      -3.65700973       -10634.166     0.686
   1   3p3/2  1/2  -2   4      -3.52925812         3508.242    -0.231
   1   3p1/2  1/2   1   4      -3.63842060         8669.955     0.231
   1   3p3/2  3/2  -2   3      -3.55881017         5773.866     1.000
                                                     -0.415    -0.000

  ---------------------------------------------------------
                                                    -62.969
                                      (S)           -63.231
  *********************************************************


          integrated core charge density for atom type    1: 18.00000000
          integrated core  spin  density for atom type    1: -0.00000039

  ATOM   IT      :     2
  ATOMIC NUMBER  :    13

  IT          MUE  KAP ITER      ENERGY        B (k-Gauss)      <S_z>  
   2   1s1/2 -1/2  -1   6    -110.17922523      -340654.991    -0.997
   2   1s1/2  1/2  -1   2    -110.17913176       340655.208     0.997
                                                      0.217    -0.000

   2   2s1/2 -1/2  -1  11      -7.50476561       -23103.547    -1.000
   2   2s1/2  1/2  -1   3      -7.50442436        23105.074     1.000
                                                      1.527    -0.000

   2   2p3/2 -3/2  -2  18      -4.71699716        -3505.089    -1.000
   2   2p3/2 -1/2  -2   4      -4.71685738        -1181.162    -0.322
   2   2p1/2 -1/2   1   5      -4.74923520        -5932.538     0.322
   2   2p3/2  1/2  -2   3      -4.71671880         1156.159     0.344
   2   2p1/2  1/2   1   3      -4.74937250         5957.120    -0.344
   2   2p3/2  3/2  -2   3      -4.71658136         3505.511     1.000
                                                      0.001    -0.000

  ---------------------------------------------------------
                                                      1.744
                                      (S)             1.743
  *********************************************************


          integrated core charge density for atom type    2: 10.00000000
          integrated core  spin  density for atom type    2:  0.00000023

 <SCF>:     TOTNOS       0.0000000000  TOTNOSX     19.4445010869
 <SCF>:     TOTDOSEF    96.7958842298  TOTDOSEFX   96.7958842298

 <CHRDNS>:  TOTNOS      19.4445010869  DQ           0.4445010869
 <CHRDNS>:  TOTDOS      96.7958842298  TOTDOSX     96.7958842298


 *******************************************************************************

 SPRKKR-run for: System:

 results extrapolated to corrected Fermi energy:
 CHARGE MISFIT       0.44450109 els.
 E_F CORRECTION     -0.00459215
 NEW FERMI ENERGY    0.24138772


  33 E= 0.2414 0.0000          IT=   1  Fe      
         DOS      NOS     P_spin   m_spin    P_orb    m_orb     B_val      B_core
  s    0.8723   0.7987   -0.0768  -0.0082   0.00000  0.00000     0.00 s      0.00
  p    2.5161   0.7284   -0.0152  -0.0268   0.09043 -0.00158     0.00 ns     0.00
  d   40.1374   6.5457   -9.8036   1.5892   2.59719  0.00752     0.00 cor    0.00
 mix   2.6866  -0.2651   -2.5995   0.0371  -0.12240  0.00984     0.00 v+c
 sum  46.2124   7.8077  -12.4951   1.5914   2.56522  0.01578     0.00 v+c  -62.97
 -------------------------------------------------------------------------------

  33 E= 0.2414 0.0000          IT=   2  Al      
         DOS      NOS     P_spin   m_spin    P_orb    m_orb     B_val      B_core
  s    0.5266   1.3484    0.4215  -0.0082  -0.00002  0.00000     0.00 s      0.00
  p    2.0036   1.7822    0.3472  -0.1146   0.02513 -0.00012     0.00 ns     0.00
  d    2.1074   0.4321   -1.1244   0.0147   0.00689 -0.00248     0.00 cor    0.00
 mix  -0.2666  -0.1780    0.2780  -0.0070  -0.00988  0.00038     0.00 v+c
 sum   4.3710   3.3847   -0.0776  -0.1152   0.02213 -0.00221     0.00 v+c    1.74
 -------------------------------------------------------------------------------
 TOT  96.7959  19.0000             3.0676            0.02934
 E_band         2.20970456 [Ry]
 ===============================================================================
 IT   1  spin     DNS        1.5913702783
                  INT        1.5913711557     RAT   0.9999994487
 IT   2  spin     DNS       -0.1151602836
                  INT       -0.1151602763     RAT   1.0000000633

 ###############################################################################
                         integrals in <CHRDNS>  NOT OK
 ###############################################################################


 <FPCHRDNS>:  check integrals for RHO2NS from core solver

          IT =  1  CORE   CHR:    18.000000000000
          IT =  1  CORE   SPN:    -0.000000386832
          IT =  2  CORE   CHR:    10.000000000000
          IT =  2  CORE   SPN:     0.000000232967

 *******************************************************************************
 *******************************************************************************
                   setting up new potential in <FPSCFNEWPOT>
 *******************************************************************************
 *******************************************************************************

     <SYMMETRIZE_FLMT_REP>  chr:  IT=  1   max rel diff =         0.0000000000
     <SYMMETRIZE_FLMT_REP>  chr:  IT=  2   max rel diff =         0.0000000000
     <SYMMETRIZE_FLMT_REP>  spn:  IT=  1   max rel diff =         0.0000000000
     <SYMMETRIZE_FLMT_REP>  spn:  IT=  2   max rel diff =         0.0000000000

     charge neutrality     -0.000000000000 els.


     charge moments for atom type  IT =  1   Fe

     LM            muffin-tin                 interstitial            total
      1      24.80489  (   6.99733)       1.00278  (   0.28288)      25.80767
      7       0.43424  (   0.12250)       2.76569  (   0.78019)       3.19993
      9      -0.72102  (  -0.20340)       3.67570  (   1.03690)       2.95468
     21       0.07250  (   0.02045)     -31.40255  (  -8.85850)     -31.33005
     23      -0.79258  (  -0.22358)     104.11879  (  29.37137)     103.32621
     25      -1.03193  (  -0.29110)      44.72150  (  12.61570)      43.68956

     charge moments for atom type  IT =  2   Al

     LM            muffin-tin                 interstitial            total
      1      12.31794  (   3.47483)       1.06673  (   0.30092)      13.38467
      7       0.90060  (   0.25406)      -5.27974  (  -1.48939)      -4.37913
     21      -0.46591  (  -0.13143)      90.01835  (  25.39371)      89.55244
     25       0.37522  (   0.10585)     -94.34544  ( -26.61436)     -93.97023
  
     atom site IQ =  1  Q(netto) =  -0.19233465 els.
     atom site IQ =  3  Q(netto) =   0.38466930 els.

     charge moments for atom site  IQ =  1   (including  -Z)

     LM            muffin-tin                 interstitial            total
      1      24.80489                     1.00278                    -0.19233
      7       0.43424                     2.76569                     3.19993
      9      -0.72102                     3.67570                     2.95468
     21       0.07250                   -31.40255                   -31.33005
     23      -0.79258                   104.11879                   103.32621
     25      -1.03193                    44.72150                    43.68956

     charge moments for atom site  IQ =  2   (including  -Z)

     LM            muffin-tin                 interstitial            total
      1      24.80489                     1.00278                    -0.19233
      7       0.43424                     2.76569                     3.19993
      9       0.72102                    -3.67570                    -2.95468
     21       0.07250                   -31.40255                   -31.33005
     23       0.79258                  -104.11879                  -103.32621
     25      -1.03193                    44.72150                    43.68956

     charge moments for atom site  IQ =  3   (including  -Z)

     LM            muffin-tin                 interstitial            total
      1      12.31794                     1.06673                     0.38467
      7       0.90060                    -5.27974                    -4.37913
     21      -0.46591                    90.01835                    89.55244
     25       0.37522                   -94.34544                   -93.97023

     atom type IT= 1  EPOTIN =  4042.93553837
          0:   4042.829721 1:      0.000000 2:      0.084062 3:      0.000000
          4:      0.021755

     atom type IT= 2  EPOTIN =   749.68362108
          0:    749.628823 1:      0.000000 2:      0.042143 3:      0.000000
          4:      0.012655

 *******************************************************************************
                                  total energies
 *******************************************************************************

 Fermi energy  0.241388 Ry

 contribution to total energy of atom type IT=  1   Fe

 core     s:  -1154.971546 p:   -323.723101 d:      0.000000 f:      0.000000
 valence  s:     -0.008603 p:      0.032017 d:      1.101246
 Coulomb  0:  -5000.043172 1:      0.000000 2:     -0.033676 3:      0.000000
          4:     -0.013585
 ex.-cor. 0:   -106.152410 1:      0.000000 2:      0.064251 3:      0.000000
          4:      0.019953

 sum of single particle energies:  -1477.5699872605
 total contribution of the atom:   -2540.7930866320

 contribution to total energy of atom type IT=  2   Al

 core     s:   -235.367547 p:    -28.365762 d:      0.000000 f:      0.000000
 valence  s:     -0.231299 p:      0.137066 d:      0.054617
 Coulomb  0:   -933.886844 1:      0.000000 2:     -0.046933 3:      0.000000
          4:     -0.012360
 ex.-cor. 0:    -35.735169 1:      0.000000 2:      0.053572 3:      0.000000
          4:      0.014828

 sum of single particle energies:   -263.7729252126
 total contribution of the atom:    -483.7022090570

 total energy                      -5565.2883823210 Ry

 *******************************************************************************
          shift of muffin-tin zero  VMTZ  -0.428030
 *******************************************************************************

     rms-error for type  1:  V =  5.5909D+00     B =  2.2767D-01
     rms-error for type  2:  V =  6.3669D+00     B =  2.7576D-01
     iter.  13     average:  V =  6.3669D+00     B =  2.7576D-01

     execution time for last iteration         9.235 sec


 *******************************************************************************
  13 ERR 0.637E+01 0.276E+00 EF  0.24139 -0.00459 D  96.796 M   3.0676   0.0293
     ETOT      -5565.28838232    SCF - cycle not converged  -  continue
 *******************************************************************************



 *******************************************************************************
                                  <SCFCHKNVAL>
 *******************************************************************************

          fix core and semi-core states and lower boundary for valence band

          bottom of energy contour for band states  EMIN   =  -0.390
          lower limit for semi-core states          ESCBOT =  -0.390
          upper limit for core states               ECTOP  =  -3.446

          table of detected bound states  (ignoring exchange splitting)

          elmt  IT   Z   n  l   j        E (Ry)      NSH  NSUM  state  changed

          Fe     1  26   1  s  1/2    -512.138747     2     2    core     -
          Fe     1  26   2  s  1/2     -59.074144     2     4    core     -
          Fe     1  26   2  p  1/2     -50.874527
          Fe     1  26   2  p  3/2     -49.959512     6    10    core     -
          Fe     1  26   3  s  1/2      -5.938789     2    12    core     -
          Fe     1  26   3  p  1/2      -3.558005
          Fe     1  26   3  p  3/2      -3.446046     6    18    core     -

          Al     2  13   1  s  1/2    -110.162885     2     2    core     -
          Al     2  13   2  s  1/2      -7.494494     2     4    core     -
          Al     2  13   2  p  1/2      -4.738903
          Al     2  13   2  p  3/2      -4.706411     6    10    core     -
          Al     2  13   3  s  1/2      -0.137038     2    12    semi     -



  ATOM   IT      :     1
  ATOMIC NUMBER  :    26

  IT          MUE  KAP ITER      ENERGY        B (k-Gauss)      <S_z>  
   1   1s1/2 -1/2  -1   6    -512.13907084     -2973244.456    -0.988
   1   1s1/2  1/2  -1   2    -512.13842325      2973247.627     0.988
                                                      3.171    -0.000

   1   2s1/2 -1/2  -1   7     -59.08014174      -276467.295    -0.998
   1   2s1/2  1/2  -1   3     -59.06814801       276538.100     0.998
                                                     70.805    -0.000

   1   2p3/2 -3/2  -2   8     -49.96426394       -46538.666    -0.998
   1   2p3/2 -1/2  -2   4     -49.96107477       -15652.165    -0.323
   1   2p1/2 -1/2   1   5     -50.87300313       -82503.331     0.322
   1   2p3/2  1/2  -2   3     -49.95790717        15381.670     0.342
   1   2p1/2  1/2   1   3     -50.87609366        82761.959    -0.340
   1   2p3/2  3/2  -2   3     -49.95476070        46550.346     0.997
                                                     -0.187    -0.000

   1   3s1/2 -1/2  -1  10      -5.95756637       -39829.304    -1.000
   1   3s1/2  1/2  -1   3      -5.92001358        39861.737     1.000
                                                     32.433    -0.000

   1   3p3/2 -3/2  -2  12      -3.46537287        -5717.856    -1.000
   1   3p3/2 -1/2  -2   5      -3.44926123        -2752.891     0.012
   1   3p1/2 -1/2   1   5      -3.55481912        -9372.962    -0.012
   1   3p3/2  1/2  -2   4      -3.43701375         1595.171     0.584
   1   3p1/2  1/2   1   4      -3.56701557        10522.159    -0.583
   1   3p3/2  3/2  -2   3      -3.42672381         5726.193     1.000
                                                     -0.186     0.000

  ---------------------------------------------------------
                                                    106.035
                                      (S)           106.408
  *********************************************************


          integrated core charge density for atom type    1: 18.00000000
          integrated core  spin  density for atom type    1:  0.00001479

  ATOM   IT      :     2
  ATOMIC NUMBER  :    13

  IT          MUE  KAP ITER      ENERGY        B (k-Gauss)      <S_z>  
   2   1s1/2 -1/2  -1   6    -110.16254063      -340649.848    -0.997
   2   1s1/2  1/2  -1   3    -110.16323000       340648.570     0.997
                                                     -1.279     0.000

   2   2s1/2 -1/2  -1  11      -7.49424616       -23093.627    -1.000
   2   2s1/2  1/2  -1   3      -7.49474222        23095.964     1.000
                                                      2.337    -0.000

   2   2p3/2 -3/2  -2  18      -4.70610873        -3502.891    -1.000
   2   2p3/2 -1/2  -2   4      -4.70630789        -1149.934    -0.350
   2   2p1/2 -1/2   1   6      -4.73900704        -5959.404     0.349
   2   2p3/2  1/2  -2   3      -4.70650952         1186.444     0.316
   2   2p1/2  1/2   1   3      -4.73880370         5922.423    -0.316
   2   2p3/2  3/2  -2   3      -4.70671372         3503.361     1.000
                                                     -0.003    -0.000

  ---------------------------------------------------------
                                                      1.056
                                      (S)             1.058
  *********************************************************


          integrated core charge density for atom type    2: 10.00000000
          integrated core  spin  density for atom type    2:  0.00000015

 <SCF>:     TOTNOS       0.0000000000  TOTNOSX     11.5891363178
 <SCF>:     TOTDOSEF   101.8026640408  TOTDOSEFX  101.8026640408

 <CHRDNS>:  TOTNOS      11.5891363178  DQ          -7.4108636822
 <CHRDNS>:  TOTDOS     101.8026640408  TOTDOSX    101.8026640408


 *******************************************************************************

 SPRKKR-run for: System:

 results extrapolated to corrected Fermi energy:
 CHARGE MISFIT      -7.41086368 els.
 E_F CORRECTION      0.07279636
 NEW FERMI ENERGY    0.31418409


  33 E= 0.3142 0.0000          IT=   1  Fe      
         DOS      NOS     P_spin   m_spin    P_orb    m_orb     B_val      B_core
  s    1.5242   0.8968    0.4346   0.0061  -0.00001 -0.00000     0.00 s      0.00
  p    2.8706   0.9088   -0.4319  -0.0962   0.13141  0.00971     0.00 ns     0.00
  d   43.1906   6.0348   -8.8039  -1.5129  -0.33001  0.03645     0.00 cor    0.00
 mix   0.2097  -0.3206   -0.8076  -0.0507   0.11459  0.01253     0.00 v+c
 sum  47.7951   7.5198   -9.6087  -1.6537  -0.08402  0.05869     0.00 v+c  106.04
 -------------------------------------------------------------------------------

  33 E= 0.3142 0.0000          IT=   2  Al      
         DOS      NOS     P_spin   m_spin    P_orb    m_orb     B_val      B_core
  s    0.2806   1.3907    0.1925   0.0228  -0.00001 -0.00000     0.00 s      0.00
  p    2.3979   2.1478    0.7793   0.0720   0.01848  0.00260     0.00 ns     0.00
  d    3.9210   0.5957   -0.4732  -0.0984  -0.18066 -0.01451     0.00 cor    0.00
 mix  -0.3870  -0.1738   -0.1367   0.0014  -0.01979 -0.00125     0.00 v+c
 sum   6.2125   3.9605    0.3619  -0.0022  -0.18198 -0.01316     0.00 v+c    1.06
 -------------------------------------------------------------------------------
 TOT 101.8027  19.0000            -3.3095            0.10421
 E_band         2.76443549 [Ry]
 ===============================================================================
 IT   1  spin     DNS       -1.6536762061
                  INT       -1.6536810185     RAT   0.9999970899
 IT   2  spin     DNS       -0.0021837179
                  INT       -0.0021835916     RAT   1.0000578254

 ###############################################################################
                         integrals in <CHRDNS>  NOT OK
 ###############################################################################


 <FPCHRDNS>:  check integrals for RHO2NS from core solver

          IT =  1  CORE   CHR:    18.000000000000
          IT =  1  CORE   SPN:     0.000014792843
          IT =  2  CORE   CHR:    10.000000000000
          IT =  2  CORE   SPN:     0.000000154576

 *******************************************************************************
 *******************************************************************************
                   setting up new potential in <FPSCFNEWPOT>
 *******************************************************************************
 *******************************************************************************

     <SYMMETRIZE_FLMT_REP>  chr:  IT=  1   max rel diff =         0.0000000000
     <SYMMETRIZE_FLMT_REP>  chr:  IT=  2   max rel diff =         0.0000000000
     <SYMMETRIZE_FLMT_REP>  spn:  IT=  1   max rel diff =         0.0000000000
     <SYMMETRIZE_FLMT_REP>  spn:  IT=  2   max rel diff =         0.0000000000

     charge neutrality      0.000000000000 els.


     charge moments for atom type  IT =  1   Fe

     LM            muffin-tin                 interstitial            total
      1      24.26912  (   6.84619)       1.25065  (   0.35280)      25.51977
      7      -0.22204  (  -0.06264)       3.13288  (   0.88377)       2.91084
      9      -0.91987  (  -0.25949)       5.46683  (   1.54217)       4.54696
     21       1.53292  (   0.43243)     -42.38408  ( -11.95633)     -40.85117
     23      -2.34166  (  -0.66057)     129.57647  (  36.55285)     127.23481
     25      -3.93177  (  -1.10913)      59.42667  (  16.76395)      55.49490

     charge moments for atom type  IT =  2   Al

     LM            muffin-tin                 interstitial            total
      1      12.69018  (   3.57983)       1.27028  (   0.35834)      13.96046
      7       0.67823  (   0.19132)      -6.74622  (  -1.90307)      -6.06799
     21      -0.71376  (  -0.20135)     107.80716  (  30.41184)     107.09340
     25       0.24202  (   0.06827)    -117.50135  ( -33.14652)    -117.25934
  
     atom site IQ =  1  Q(netto) =  -0.48022968 els.
     atom site IQ =  3  Q(netto) =   0.96045935 els.

     charge moments for atom site  IQ =  1   (including  -Z)

     LM            muffin-tin                 interstitial            total
      1      24.26912                     1.25065                    -0.48023
      7      -0.22204                     3.13288                     2.91084
      9      -0.91987                     5.46683                     4.54696
     21       1.53292                   -42.38408                   -40.85117
     23      -2.34166                   129.57647                   127.23481
     25      -3.93177                    59.42667                    55.49490

     charge moments for atom site  IQ =  2   (including  -Z)

     LM            muffin-tin                 interstitial            total
      1      24.26912                     1.25065                    -0.48023
      7      -0.22204                     3.13288                     2.91084
      9       0.91987                    -5.46683                    -4.54696
     21       1.53292                   -42.38408                   -40.85117
     23       2.34166                  -129.57647                  -127.23481
     25      -3.93177                    59.42667                    55.49490

     charge moments for atom site  IQ =  3   (including  -Z)

     LM            muffin-tin                 interstitial            total
      1      12.69018                     1.27028                     0.96046
      7       0.67823                    -6.74622                    -6.06799
     21      -0.71376                   107.80716                   107.09340
     25       0.24202                  -117.50135                  -117.25934

     atom type IT= 1  EPOTIN =  4026.82198684
          0:   4026.716678 1:      0.000000 2:      0.075799 3:      0.000000
          4:      0.029510

     atom type IT= 2  EPOTIN =   750.55388197
          0:    750.503417 1:      0.000000 2:      0.040283 3:      0.000000
          4:      0.010182

 *******************************************************************************
                                  total energies
 *******************************************************************************

 Fermi energy  0.314184 Ry

 contribution to total energy of atom type IT=  1   Fe

 core     s:  -1154.303364 p:   -322.487310 d:      0.000000 f:      0.000000
 valence  s:      0.005993 p:      0.083678 d:      1.231763
 Coulomb  0:  -4986.857774 1:      0.000000 2:     -0.047332 3:      0.000000
          4:     -0.012831
 ex.-cor. 0:   -104.497230 1:      0.000000 2:      0.066882 3:      0.000000
          4:      0.015826

 sum of single particle energies:  -1475.4692389042
 total contribution of the atom:   -2539.9797118213

 contribution to total energy of atom type IT=  2   Al

 core     s:   -235.314759 p:    -28.303451 d:      0.000000 f:      0.000000
 valence  s:     -0.222645 p:      0.240906 d:      0.103305
 Coulomb  0:   -934.522611 1:      0.000000 2:     -0.063353 3:      0.000000
          4:     -0.015209
 ex.-cor. 0:    -36.196736 1:      0.000000 2:      0.057871 3:      0.000000
          4:      0.016207

 sum of single particle energies:   -263.4966433088
 total contribution of the atom:    -483.6665919419

 total energy                      -5563.6260155846 Ry

 *******************************************************************************
          shift of muffin-tin zero  VMTZ  -0.428173
 *******************************************************************************

     rms-error for type  1:  V =  7.7060D+00     B =  7.9007D-01
     rms-error for type  2:  V =  1.2884D+01     B =  1.9912D-01
     iter.  14     average:  V =  1.2884D+01     B =  7.9007D-01

     execution time for last iteration         9.729 sec


 *******************************************************************************
  14 ERR 0.129E+02 0.790E+00 EF  0.31418  0.07280 D 101.803 M  -3.3095   0.1042
     ETOT      -5563.62601558    SCF - cycle not converged  -  continue
 *******************************************************************************



 *******************************************************************************
                                  <SCFCHKNVAL>
 *******************************************************************************

          fix core and semi-core states and lower boundary for valence band

          bottom of energy contour for band states  EMIN   =  -0.390
          lower limit for semi-core states          ESCBOT =  -0.390
          upper limit for core states               ECTOP  =  -3.486

          table of detected bound states  (ignoring exchange splitting)

          elmt  IT   Z   n  l   j        E (Ry)      NSH  NSUM  state  changed

          Fe     1  26   1  s  1/2    -512.187452     2     2    core     -
          Fe     1  26   2  s  1/2     -59.126869     2     4    core     -
          Fe     1  26   2  p  1/2     -50.927080
          Fe     1  26   2  p  3/2     -50.012072     6    10    core     -
          Fe     1  26   3  s  1/2      -5.980440     2    12    core     -
          Fe     1  26   3  p  1/2      -3.598049
          Fe     1  26   3  p  3/2      -3.485813     6    18    core     -

          Al     2  13   1  s  1/2    -110.156923     2     2    core     -
          Al     2  13   2  s  1/2      -7.482195     2     4    core     -
          Al     2  13   2  p  1/2      -4.726928
          Al     2  13   2  p  3/2      -4.694415     6    10    core     -
          Al     2  13   3  s  1/2      -0.125324     2    12    semi     -



  ATOM   IT      :     1
  ATOMIC NUMBER  :    26

  IT          MUE  KAP ITER      ENERGY        B (k-Gauss)      <S_z>  
   1   1s1/2 -1/2  -1   6    -512.18699992     -2973246.965    -0.988
   1   1s1/2  1/2  -1   3    -512.18790418      2973224.761     0.988
                                                    -22.204     0.000

   1   2s1/2 -1/2  -1   7     -59.07783747      -276789.597    -0.998
   1   2s1/2  1/2  -1   3     -59.17594768       276228.663     0.998
                                                   -560.934     0.000

   1   2p3/2 -3/2  -2   8     -49.97384265       -46591.653    -0.997
   1   2p3/2 -1/2  -2   4     -49.99800115       -14557.254    -0.403
   1   2p1/2 -1/2   1   5     -50.94088474       -83543.793     0.401
   1   2p3/2  1/2  -2   4     -50.02342858        16741.328     0.256
   1   2p1/2  1/2   1   4     -50.91608986        81456.005    -0.255
   1   2p3/2  3/2  -2   3     -50.05035264        46497.178     0.998
                                                      1.811     0.000

   1   3s1/2 -1/2  -1  10      -5.87948935       -39752.198    -1.000
   1   3s1/2  1/2  -1   4      -6.08143763        40050.565     1.000
                                                    298.367    -0.000

   1   3p3/2 -3/2  -2  12      -3.38809179        -5703.559    -1.000
   1   3p3/2 -1/2  -2   5      -3.41387986        -1941.442    -0.911
   1   3p1/2 -1/2   1   5      -3.67031392       -10242.276     0.910
   1   3p3/2  1/2  -2   6      -3.44648681         6672.140    -0.832
   1   3p1/2  1/2   1   6      -3.63726051         5445.404     0.832
   1   3p3/2  3/2  -2   4      -3.58364475         5768.992     1.000
                                                     -0.742    -0.000

  ---------------------------------------------------------
                                                   -283.702
                                      (S)          -284.771
  *********************************************************


          integrated core charge density for atom type    1: 18.00000000
          integrated core  spin  density for atom type    1:  0.00000410

  ATOM   IT      :     2
  ATOMIC NUMBER  :    13

  IT          MUE  KAP ITER      ENERGY        B (k-Gauss)      <S_z>  
   2   1s1/2 -1/2  -1   6    -110.15751342      -340654.768    -0.997
   2   1s1/2  1/2  -1   3    -110.15633223       340656.756     0.997
                                                      1.987    -0.000

   2   2s1/2 -1/2  -1  11      -7.48294571       -23103.705    -1.000
   2   2s1/2  1/2  -1   3      -7.48144405        23104.197     1.000
                                                      0.493    -0.000

   2   2p3/2 -3/2  -2  18      -4.69532471        -3504.991    -1.000
   2   2p3/2 -1/2  -2   4      -4.69469559        -1227.550    -0.282
   2   2p1/2 -1/2   1   6      -4.72664808        -5885.883     0.282
   2   2p3/2  1/2  -2   4      -4.69409028         1117.905     0.381
   2   2p1/2  1/2   1   4      -4.72725260         5995.158    -0.381
   2   2p3/2  3/2  -2   3      -4.69350625         3505.367     1.000
                                                      0.006    -0.000

  ---------------------------------------------------------
                                                      2.486
                                      (S)             2.480
  *********************************************************


          integrated core charge density for atom type    2: 10.00000000
          integrated core  spin  density for atom type    2:  0.00000034

 <SCF>:     TOTNOS       0.0000000000  TOTNOSX     19.9594069276
 <SCF>:     TOTDOSEF    74.6019730038  TOTDOSEFX   74.6019730038

 <CHRDNS>:  TOTNOS      19.9594069276  DQ           0.9594069276
 <CHRDNS>:  TOTDOS      74.6019730038  TOTDOSX     74.6019730038


 *******************************************************************************

 SPRKKR-run for: System:

 results extrapolated to corrected Fermi energy:
 CHARGE MISFIT       0.95940693 els.
 E_F CORRECTION     -0.01286034
 NEW FERMI ENERGY    0.30132374


  33 E= 0.3013 0.0000          IT=   1  Fe      
         DOS      NOS     P_spin   m_spin    P_orb    m_orb     B_val      B_core
  s    0.8226   0.8359   -0.1532   0.0095   0.00000 -0.00000     0.00 s      0.00
  p    3.1676   0.8467   -0.8949   0.0476   0.09976 -0.00211     0.00 ns     0.00
  d   28.7934   6.2764  -24.7090   2.9848  -1.78426  0.10683     0.00 cor    0.00
 mix   1.4558  -0.2820   -1.4337   0.0712   0.17943 -0.00299     0.00 v+c
 sum  34.2394   7.6770  -27.1909   3.1131  -1.50507  0.10174     0.00 v+c -283.70
 -------------------------------------------------------------------------------

  33 E= 0.3013 0.0000          IT=   2  Al      
         DOS      NOS     P_spin   m_spin    P_orb    m_orb     B_val      B_core
  s    0.4225   1.3896    0.3184  -0.0087  -0.00001  0.00000     0.00 s      0.00
  p    3.3366   1.9821    0.5835  -0.1992  -0.02971  0.00097     0.00 ns     0.00
  d    2.8674   0.4390   -2.0392   0.0451   0.25903 -0.00743     0.00 cor    0.00
 mix  -0.5033  -0.1647    0.3418  -0.0202  -0.08439  0.00197     0.00 v+c
 sum   6.1231   3.6460   -0.7954  -0.1831   0.14492 -0.00450     0.00 v+c    2.49
 -------------------------------------------------------------------------------
 TOT  74.6020  19.0000             6.0432            0.19898
 E_band         2.39605797 [Ry]
 ===============================================================================
 IT   1  spin     DNS        3.1131359416
                  INT        3.1131392150     RAT   0.9999989485
 IT   2  spin     DNS       -0.1830663368
                  INT       -0.1830662802     RAT   1.0000003091

 ###############################################################################
                         integrals in <CHRDNS>  NOT OK
 ###############################################################################


 <FPCHRDNS>:  check integrals for RHO2NS from core solver

          IT =  1  CORE   CHR:    18.000000000000
          IT =  1  CORE   SPN:     0.000004095576
          IT =  2  CORE   CHR:    10.000000000000
          IT =  2  CORE   SPN:     0.000000336897

 *******************************************************************************
 *******************************************************************************
                   setting up new potential in <FPSCFNEWPOT>
 *******************************************************************************
 *******************************************************************************

     <SYMMETRIZE_FLMT_REP>  chr:  IT=  1   max rel diff =         0.0000000000
     <SYMMETRIZE_FLMT_REP>  chr:  IT=  2   max rel diff =         0.0000000000
     <SYMMETRIZE_FLMT_REP>  spn:  IT=  1   max rel diff =         0.0000000000
     <SYMMETRIZE_FLMT_REP>  spn:  IT=  2   max rel diff =         0.0000000000

     charge neutrality      0.000000000000 els.


     charge moments for atom type  IT =  1   Fe

     LM            muffin-tin                 interstitial            total
      1      24.60611  (   6.94126)       1.07089  (   0.30209)      25.67700
      7      -0.25594  (  -0.07220)       2.79230  (   0.78769)       2.53636
      9      -0.76456  (  -0.21568)       4.27727  (   1.20659)       3.51271
     21      -0.02427  (  -0.00685)     -36.38887  ( -10.26511)     -36.41314
     23      -1.33941  (  -0.37784)     113.48089  (  32.01237)     112.14148
     25      -1.32554  (  -0.37393)      50.07593  (  14.12616)      48.75040

     charge moments for atom type  IT =  2   Al

     LM            muffin-tin                 interstitial            total
      1      12.50486  (   3.52756)       1.14113  (   0.32191)      13.64599
      7       0.73423  (   0.20712)      -5.82024  (  -1.64186)      -5.08601
     21      -0.44921  (  -0.12672)      95.35014  (  26.89778)      94.90093
     25       0.28340  (   0.07995)    -100.80496  ( -28.43655)    -100.52156
  
     atom site IQ =  1  Q(netto) =  -0.32299512 els.
     atom site IQ =  3  Q(netto) =   0.64599025 els.

     charge moments for atom site  IQ =  1   (including  -Z)

     LM            muffin-tin                 interstitial            total
      1      24.60611                     1.07089                    -0.32300
      7      -0.25594                     2.79230                     2.53636
      9      -0.76456                     4.27727                     3.51271
     21      -0.02427                   -36.38887                   -36.41314
     23      -1.33941                   113.48089                   112.14148
     25      -1.32554                    50.07593                    48.75040

     charge moments for atom site  IQ =  2   (including  -Z)

     LM            muffin-tin                 interstitial            total
      1      24.60611                     1.07089                    -0.32300
      7      -0.25594                     2.79230                     2.53636
      9       0.76456                    -4.27727                    -3.51271
     21      -0.02427                   -36.38887                   -36.41314
     23       1.33941                  -113.48089                  -112.14148
     25      -1.32554                    50.07593                    48.75040

     charge moments for atom site  IQ =  3   (including  -Z)

     LM            muffin-tin                 interstitial            total
      1      12.50486                     1.14113                     0.64599
      7       0.73423                    -5.82024                    -5.08601
     21      -0.44921                    95.35014                    94.90093
     25       0.28340                  -100.80496                  -100.52156

     atom type IT= 1  EPOTIN =  4038.02283644
          0:   4037.933703 1:      0.000000 2:      0.071088 3:      0.000000
          4:      0.018045

     atom type IT= 2  EPOTIN =   750.03031582
          0:    749.982172 1:      0.000000 2:      0.038422 3:      0.000000
          4:      0.009722

 *******************************************************************************
                                  total energies
 *******************************************************************************

 Fermi energy  0.301324 Ry

 contribution to total energy of atom type IT=  1   Fe

 core     s:  -1154.589616 p:   -323.042277 d:      0.000000 f:      0.000000
 valence  s:      0.002461 p:      0.073349 d:      1.075287
 Coulomb  0:  -4996.452818 1:      0.000000 2:     -0.046762 3:      0.000000
          4:     -0.015884
 ex.-cor. 0:   -105.778839 1:      0.000000 2:      0.068346 3:      0.000000
          4:      0.022523

 sum of single particle energies:  -1476.4807964635
 total contribution of the atom:   -2540.6613942207

 contribution to total energy of atom type IT=  2   Al

 core     s:   -235.278235 p:    -28.231518 d:      0.000000 f:      0.000000
 valence  s:     -0.197727 p:      0.226659 d:      0.064932
 Coulomb  0:   -934.348342 1:      0.000000 2:     -0.050030 3:      0.000000
          4:     -0.011758
 ex.-cor. 0:    -35.952194 1:      0.000000 2:      0.052819 3:      0.000000
          4:      0.013008

 sum of single particle energies:   -263.4158890178
 total contribution of the atom:    -483.6820707606

 total energy                      -5565.0048592020 Ry

 *******************************************************************************
          shift of muffin-tin zero  VMTZ  -0.428477
 *******************************************************************************

     rms-error for type  1:  V =  5.4119D+00     B =  2.1853D-01
     rms-error for type  2:  V =  9.5184D+00     B =  9.5731D-02
     iter.  15     average:  V =  9.5184D+00     B =  2.1853D-01

     execution time for last iteration        10.479 sec


 *******************************************************************************
  15 ERR 0.952E+01 0.219E+00 EF  0.30132 -0.01286 D  74.602 M   6.0432   0.1990
     ETOT      -5565.00485920    SCF - cycle not converged  -  continue
 *******************************************************************************



 *******************************************************************************
                                  <SCFCHKNVAL>
 *******************************************************************************

          fix core and semi-core states and lower boundary for valence band

          bottom of energy contour for band states  EMIN   =  -0.390
          lower limit for semi-core states          ESCBOT =  -0.390
          upper limit for core states               ECTOP  =  -3.428

          table of detected bound states  (ignoring exchange splitting)

          elmt  IT   Z   n  l   j        E (Ry)      NSH  NSUM  state  changed

          Fe     1  26   1  s  1/2    -512.064165     2     2    core     -
          Fe     1  26   2  s  1/2     -59.014794     2     4    core     -
          Fe     1  26   2  p  1/2     -50.813107
          Fe     1  26   2  p  3/2     -49.898271     6    10    core     -
          Fe     1  26   3  s  1/2      -5.919263     2    12    core     -
          Fe     1  26   3  p  1/2      -3.539437
          Fe     1  26   3  p  3/2      -3.428008     6    18    core     -

          Al     2  13   1  s  1/2    -110.080970     2     2    core     -
          Al     2  13   2  s  1/2      -7.413158     2     4    core     -
          Al     2  13   2  p  1/2      -4.657423
          Al     2  13   2  p  3/2      -4.624940     6    10    core     -



  ATOM   IT      :     1
  ATOMIC NUMBER  :    26

  IT          MUE  KAP ITER      ENERGY        B (k-Gauss)      <S_z>  
   1   1s1/2 -1/2  -1   6    -512.06197581     -2973265.250    -0.988
   1   1s1/2  1/2  -1   3    -512.06635396      2973182.963     0.988
                                                    -82.287     0.000

   1   2s1/2 -1/2  -1   7     -58.83473582      -277501.689    -0.998
   1   2s1/2  1/2  -1   3     -59.19549184       275429.218     0.998
                                                  -2072.471     0.000

   1   2p3/2 -3/2  -2   8     -49.75781847       -46710.008    -0.997
   1   2p3/2 -1/2  -2   4     -49.83493900       -13108.564    -0.559
   1   2p1/2 -1/2   1   5     -50.87595604       -84845.445     0.557
   1   2p3/2  1/2  -2   4     -49.92519140        21398.490     0.031
   1   2p1/2  1/2   1   4     -50.78803360        76910.467    -0.030
   1   2p3/2  3/2  -2   3     -50.03941559        46361.638     0.998
                                                      6.579     0.000

   1   3s1/2 -1/2  -1  11      -5.53329518       -39218.154    -1.000
   1   3s1/2  1/2  -1   5      -6.30561759        40174.964     1.000
                                                    956.810    -0.000

   1   3p3/2 -3/2  -2  13      -3.05238438        -5589.930    -1.000
   1   3p3/2 -1/2  -2   5      -3.08544158        -2587.180    -0.991
   1   3p1/2 -1/2   1   5      -3.88372011        -9581.158     0.991
   1   3p3/2  1/2  -2   5      -3.12151470         8346.496    -0.989
   1   3p1/2  1/2   1   6      -3.84621504         3611.315     0.989
   1   3p3/2  3/2  -2   5      -3.80465950         5798.132     1.000
                                                     -2.324    -0.000

  ---------------------------------------------------------
                                                  -1193.693
                                      (S)         -1197.948
  *********************************************************


          integrated core charge density for atom type    1: 18.00000000
          integrated core  spin  density for atom type    1:  0.00005990

  ATOM   IT      :     2
  ATOMIC NUMBER  :    13

  IT          MUE  KAP ITER      ENERGY        B (k-Gauss)      <S_z>  
   2   1s1/2 -1/2  -1   6    -110.08394686      -340650.878    -0.997
   2   1s1/2  1/2  -1   3    -110.07799352       340662.251     0.997
                                                     11.374    -0.000

   2   2s1/2 -1/2  -1  11      -7.41652735       -23093.635    -1.000
   2   2s1/2  1/2  -1   3      -7.40979009        23090.270     1.000
                                                     -3.365    -0.000

   2   2p3/2 -3/2  -2  17      -4.62904742        -3501.999    -1.000
   2   2p3/2 -1/2  -2   4      -4.62581500        -1505.744    -0.085
   2   2p1/2 -1/2   1   6      -4.65655001        -5601.593     0.085
   2   2p3/2  1/2  -2   4      -4.62315280         1000.211     0.528
   2   2p1/2  1/2   1   4      -4.65921315         6106.815    -0.528
   2   2p3/2  3/2  -2   3      -4.62083573         3502.338     1.000
                                                      0.028    -0.000

  ---------------------------------------------------------
                                                      8.037
                                      (S)             8.009
  *********************************************************


          integrated core charge density for atom type    2: 10.00000000
          integrated core  spin  density for atom type    2:  0.00000094

 <SCF>:     TOTNOS       0.0000000000  TOTNOSX     16.4120560722
 <SCF>:     TOTDOSEF    20.3062173650  TOTDOSEFX   20.3062173650

 <CHRDNS>:  TOTNOS      16.4120560722  DQ          -2.5879439278
 <CHRDNS>:  TOTDOS      20.3062173650  TOTDOSX     20.3062173650


 *******************************************************************************

 SPRKKR-run for: System:

 results extrapolated to corrected Fermi energy:
 CHARGE MISFIT      -2.58794393 els.
 E_F CORRECTION      0.12744589
 NEW FERMI ENERGY    0.42876963


  33 E= 0.4288 0.0000          IT=   1  Fe      
         DOS      NOS     P_spin   m_spin    P_orb    m_orb     B_val      B_core
  s    0.8594   0.9144    0.1526   0.1951  -0.00001 -0.00001     0.00 s      0.00
  p    2.6249   1.1459    0.6844   0.3100  -0.01015 -0.00328     0.00 ns     0.00
  d    2.5224   5.5057   -0.9340   4.6064   0.02836 -0.00024     0.00 cor    0.00
 mix  -0.3045  -0.2453    0.2286   0.0510  -0.00114 -0.00027     0.00 v+c
 sum   5.7021   7.3207    0.1316   5.1626   0.01705 -0.00380     0.00 v+c-1193.69
 -------------------------------------------------------------------------------

  33 E= 0.4288 0.0000          IT=   2  Al      
         DOS      NOS     P_spin   m_spin    P_orb    m_orb     B_val      B_core
  s    0.7118   1.4912    0.2106  -0.0282  -0.00001  0.00000     0.00 s      0.00
  p    7.3726   2.6386   -2.3358  -0.3851  -0.00090  0.00052     0.00 ns     0.00
  d    0.9247   0.3959    0.2148   0.1924   0.00398  0.00048     0.00 cor    0.00
 mix  -0.1071  -0.1672   -0.0327  -0.0539  -0.00081 -0.00013     0.00 v+c
 sum   8.9020   4.3585   -1.9431  -0.2749   0.00226  0.00088     0.00 v+c    8.04
 -------------------------------------------------------------------------------
 TOT  20.3062  19.0000            10.0503           -0.00671
 E_band         0.80268598 [Ry]
 ===============================================================================
 IT   1  spin     DNS        5.1626114484
                  INT        5.1626202579     RAT   0.9999982936
 IT   2  spin     DNS       -0.2748778418
                  INT       -0.2748783079     RAT   0.9999983046

 ###############################################################################
                         integrals in <CHRDNS>  NOT OK
 ###############################################################################


 <FPCHRDNS>:  check integrals for RHO2NS from core solver

          IT =  1  CORE   CHR:    18.000000000000
          IT =  1  CORE   SPN:     0.000059895186
          IT =  2  CORE   CHR:    10.000000000000
          IT =  2  CORE   SPN:     0.000000937303
 *******************************************************************************
 maximum  E_F CORRECTION  exceeded
 NEW E_F CORRECTION  0.10000
 NEW FERMI ENERGY    0.40132


 *******************************************************************************
 *******************************************************************************
                   setting up new potential in <FPSCFNEWPOT>
 *******************************************************************************
 *******************************************************************************

     <SYMMETRIZE_FLMT_REP>  chr:  IT=  1   max rel diff =         0.0000000000
     <SYMMETRIZE_FLMT_REP>  chr:  IT=  2   max rel diff =         0.0000000000
     <SYMMETRIZE_FLMT_REP>  spn:  IT=  1   max rel diff =         0.0000000000
     <SYMMETRIZE_FLMT_REP>  spn:  IT=  2   max rel diff =         0.0000000000

     charge neutrality     -0.000000000000 els.


     charge moments for atom type  IT =  1   Fe

     LM            muffin-tin                 interstitial            total
      1      24.16823  (   6.81773)       1.15249  (   0.32511)      25.32073
      7       0.23662  (   0.06675)       3.85089  (   1.08632)       4.08751
      9      -0.94234  (  -0.26583)       4.74161  (   1.33758)       3.79927
     21      -0.76379  (  -0.21546)     -41.76827  ( -11.78261)     -42.53206
     23      -1.16850  (  -0.32963)     132.06737  (  37.25552)     130.89887
     25      -0.02902  (  -0.00819)      53.68727  (  15.14490)      53.65826

     charge moments for atom type  IT =  2   Al

     LM            muffin-tin                 interstitial            total
      1      13.04529  (   3.68001)       1.31326  (   0.37046)      14.35855
      7       1.12962  (   0.31866)      -6.45243  (  -1.82020)      -5.32281
     21      -0.14369  (  -0.04053)     107.06417  (  30.20224)     106.92047
     25       0.39239  (   0.11069)    -109.31995  ( -30.83859)    -108.92755
  
     atom site IQ =  1  Q(netto) =  -0.67927433 els.
     atom site IQ =  3  Q(netto) =   1.35854866 els.

     charge moments for atom site  IQ =  1   (including  -Z)

     LM            muffin-tin                 interstitial            total
      1      24.16823                     1.15249                    -0.67927
      7       0.23662                     3.85089                     4.08751
      9      -0.94234                     4.74161                     3.79927
     21      -0.76379                   -41.76827                   -42.53206
     23      -1.16850                   132.06737                   130.89887
     25      -0.02902                    53.68727                    53.65826

     charge moments for atom site  IQ =  2   (including  -Z)

     LM            muffin-tin                 interstitial            total
      1      24.16823                     1.15249                    -0.67927
      7       0.23662                     3.85089                     4.08751
      9       0.94234                    -4.74161                    -3.79927
     21      -0.76379                   -41.76827                   -42.53206
     23       1.16850                  -132.06737                  -130.89887
     25      -0.02902                    53.68727                    53.65826

     charge moments for atom site  IQ =  3   (including  -Z)

     LM            muffin-tin                 interstitial            total
      1      13.04529                     1.31326                     1.35855
      7       1.12962                    -6.45243                    -5.32281
     21      -0.14369                   107.06417                   106.92047
     25       0.39239                  -109.31995                  -108.92755

     atom type IT= 1  EPOTIN =  4032.60493665
          0:   4032.517534 1:      0.000000 2:      0.068392 3:      0.000000
          4:      0.019011

     atom type IT= 2  EPOTIN =   750.90241888
          0:    750.852198 1:      0.000000 2:      0.040464 3:      0.000000
          4:      0.009757

 *******************************************************************************
                                  total energies
 *******************************************************************************

 Fermi energy  0.401324 Ry

 contribution to total energy of atom type IT=  1   Fe

 core     s:  -1153.997470 p:   -322.015289 d:      0.000000 f:      0.000000
 valence  s:      0.034292 p:      0.169516 d:     -0.030494
 Coulomb  0:  -4991.717203 1:      0.000000 2:     -0.031844 3:      0.000000
          4:     -0.019391
 ex.-cor. 0:   -105.219982 1:      0.000000 2:      0.068016 3:      0.000000
          4:      0.025083

 sum of single particle energies:  -1475.8394451736
 total contribution of the atom:   -2540.1298294594

 contribution to total energy of atom type IT=  2   Al

 core     s:   -234.988258 p:    -27.814614 d:      0.000000 f:      0.000000
 valence  s:     -0.105796 p:      0.508278 d:      0.053575
 Coulomb  0:   -935.550186 1:      0.000000 2:     -0.068723 3:      0.000000
          4:     -0.014811
 ex.-cor. 0:    -36.584101 1:      0.000000 2:      0.054771 3:      0.000000
          4:      0.012214

 sum of single particle energies:   -262.3468148900
 total contribution of the atom:    -483.5952310522

 total energy                      -5563.8548899711 Ry

 *******************************************************************************
          shift of muffin-tin zero  VMTZ  -0.421382
 *******************************************************************************

     rms-error for type  1:  V =  7.6755D+00     B =  1.2114D+00
     rms-error for type  2:  V =  1.4051D+01     B =  5.5177D-01
     iter.  16     average:  V =  1.4051D+01     B =  1.2114D+00

     execution time for last iteration         9.584 sec


 *******************************************************************************
  16 ERR 0.141E+02 0.121E+01 EF  0.40132  0.10000 D  20.306 M  10.0503  -0.0067
     ETOT      -5563.85488997    SCF - cycle not converged  -  continue
 *******************************************************************************



 *******************************************************************************
                                  <SCFCHKNVAL>
 *******************************************************************************

          fix core and semi-core states and lower boundary for valence band

          bottom of energy contour for band states  EMIN   =  -0.390
          lower limit for semi-core states          ESCBOT =  -0.390
          upper limit for core states               ECTOP  =  -3.598

          table of detected bound states  (ignoring exchange splitting)

          elmt  IT   Z   n  l   j        E (Ry)      NSH  NSUM  state  changed

          Fe     1  26   1  s  1/2    -512.429616     2     2    core     -
          Fe     1  26   2  s  1/2     -59.348859     2     4    core     -
          Fe     1  26   2  p  1/2     -51.152792
          Fe     1  26   2  p  3/2     -50.237442     6    10    core     -
          Fe     1  26   3  s  1/2      -6.099519     2    12    core     -
          Fe     1  26   3  p  1/2      -3.712009
          Fe     1  26   3  p  3/2      -3.598173     6    18    core     -

          Al     2  13   1  s  1/2    -110.280112     2     2    core     -
          Al     2  13   2  s  1/2      -7.595623     2     4    core     -
          Al     2  13   2  p  1/2      -4.841032
          Al     2  13   2  p  3/2      -4.808477     6    10    core     -
          Al     2  13   3  s  1/2      -0.179294     2    12    semi     -



  ATOM   IT      :     1
  ATOMIC NUMBER  :    26

  IT          MUE  KAP ITER      ENERGY        B (k-Gauss)      <S_z>  
   1   1s1/2 -1/2  -1   6    -512.43136449     -2973225.613    -0.988
   1   1s1/2  1/2  -1   3    -512.42786813      2973282.223     0.988
                                                     56.610    -0.000

   1   2s1/2 -1/2  -1   7     -59.47882948      -275844.938    -0.998
   1   2s1/2  1/2  -1   3     -59.21922855       277348.898     0.998
                                                   1503.961    -0.000

   1   2p3/2 -3/2  -2   8     -50.33889191       -46434.392    -0.998
   1   2p3/2 -1/2  -2   4     -50.26105388       -19379.744    -0.121
   1   2p1/2 -1/2   1   5     -51.13038416       -78930.971     0.119
   1   2p3/2  1/2  -2   4     -50.19491814        13504.418     0.504
   1   2p1/2  1/2   1   4     -51.19483448        84549.456    -0.503
   1   2p3/2  3/2  -2   3     -50.13635901        46686.544     0.997
                                                     -4.688    -0.000

   1   3s1/2 -1/2  -1  10      -6.38843052       -40596.967    -1.000
   1   3s1/2  1/2  -1   4      -5.81069559        39999.363     1.000
                                                   -597.603     0.000

   1   3p3/2 -3/2  -2  12      -3.88155408        -5880.068    -1.000
   1   3p3/2 -1/2  -2   5      -3.38480786        -8378.268     0.980
   1   3p1/2 -1/2   1   5      -3.92522448        -3876.939    -0.980
   1   3p3/2  1/2  -2   5      -3.34795664         2538.066     0.985
   1   3p1/2  1/2   1   5      -3.96295452         9844.706    -0.984
   1   3p3/2  3/2  -2   3      -3.31508918         5753.847     1.000
                                                      1.345     0.000

  ---------------------------------------------------------
                                                    959.624
                                      (S)           962.967
  *********************************************************


          integrated core charge density for atom type    1: 18.00000000
          integrated core  spin  density for atom type    1: -0.00004773

  ATOM   IT      :     2
  ATOMIC NUMBER  :    13

  IT          MUE  KAP ITER      ENERGY        B (k-Gauss)      <S_z>  
   2   1s1/2 -1/2  -1   6    -110.27717324      -340660.050    -0.997
   2   1s1/2  1/2  -1   3    -110.28305004       340648.270     0.997
                                                    -11.780     0.000

   2   2s1/2 -1/2  -1  12      -7.59251297       -23118.367    -1.000
   2   2s1/2  1/2  -1   3      -7.59873436        23124.565     1.000
                                                      6.198    -0.000

   2   2p3/2 -3/2  -2  17      -4.80467213        -3509.306    -1.000
   2   2p3/2 -1/2  -2   4      -4.80684592        -1009.918    -0.515
   2   2p1/2 -1/2   1   6      -4.84266640        -6112.339     0.515
   2   2p3/2  1/2  -2   4      -4.80932299         1477.173     0.105
   2   2p1/2  1/2   1   4      -4.84018591         5644.609    -0.105
   2   2p3/2  3/2  -2   3      -4.81228288         3509.756     1.000
                                                     -0.027    -0.000

  ---------------------------------------------------------
                                                     -5.608
                                      (S)            -5.581
  *********************************************************


          integrated core charge density for atom type    2: 10.00000000
          integrated core  spin  density for atom type    2: -0.00000049

 <SCF>:     TOTNOS       0.0000000000  TOTNOSX     22.7730862012
 <SCF>:     TOTDOSEF    63.4921137095  TOTDOSEFX   63.4921137095

 <CHRDNS>:  TOTNOS      22.7730862012  DQ           3.7730862012
 <CHRDNS>:  TOTDOS      63.4921137095  TOTDOSX     63.4921137095


 *******************************************************************************

 SPRKKR-run for: System:

 results extrapolated to corrected Fermi energy:
 CHARGE MISFIT       3.77308620 els.
 E_F CORRECTION     -0.05942606
 NEW FERMI ENERGY    0.34189768


  33 E= 0.3419 0.0000          IT=   1  Fe      
         DOS      NOS     P_spin   m_spin    P_orb    m_orb     B_val      B_core
  s    0.9237   0.9003    0.0661  -0.1088   0.00001  0.00001     0.00 s      0.00
  p    3.3578   0.9835    0.8676  -0.3416   0.01819  0.00254     0.00 ns     0.00
  d   23.6052   5.8030   22.1762  -4.3144  -0.17876 -0.09700     0.00 cor    0.00
 mix   0.4516  -0.3734    0.5936  -0.1263  -0.22122  0.01236     0.00 v+c
 sum  28.3384   7.3135   23.7034  -4.8910  -0.38178 -0.08210     0.00 v+c  959.62
 -------------------------------------------------------------------------------

  33 E= 0.3419 0.0000          IT=   2  Al      
         DOS      NOS     P_spin   m_spin    P_orb    m_orb     B_val      B_core
  s    0.4957   1.4515   -0.1993   0.0371   0.00001 -0.00000     0.00 s      0.00
  p    3.2943   2.6256    0.1820   0.0415  -0.02660 -0.00053     0.00 ns     0.00
  d    3.0315   0.5163    1.1422  -0.0790  -0.12837  0.00702     0.00 cor    0.00
 mix  -0.0061  -0.2203    0.2807   0.0152   0.00022 -0.00027     0.00 v+c
 sum   6.8154   4.3730    1.4056   0.0149  -0.15474  0.00622     0.00 v+c   -5.61
 -------------------------------------------------------------------------------
 TOT  63.4921  19.0000            -9.7671           -0.15798
 E_band        -0.51742334 [Ry]
 ===============================================================================
 IT   1  spin     DNS       -4.8910331012
                  INT       -4.8910400341     RAT   0.9999985825
 IT   2  spin     DNS        0.0149284874
                  INT        0.0149288821     RAT   0.9999735628

 ###############################################################################
                         integrals in <CHRDNS>  NOT OK
 ###############################################################################


 <FPCHRDNS>:  check integrals for RHO2NS from core solver

          IT =  1  CORE   CHR:    18.000000000000
          IT =  1  CORE   SPN:    -0.000047726804
          IT =  2  CORE   CHR:    10.000000000000
          IT =  2  CORE   SPN:    -0.000000492106

 *******************************************************************************
 *******************************************************************************
                   setting up new potential in <FPSCFNEWPOT>
 *******************************************************************************
 *******************************************************************************

     <SYMMETRIZE_FLMT_REP>  chr:  IT=  1   max rel diff =         0.0000000000
     <SYMMETRIZE_FLMT_REP>  chr:  IT=  2   max rel diff =         0.0000000000
     <SYMMETRIZE_FLMT_REP>  spn:  IT=  1   max rel diff =         0.0000000000
     <SYMMETRIZE_FLMT_REP>  spn:  IT=  2   max rel diff =         0.0000000000

     charge neutrality     -0.000000000000 els.


     charge moments for atom type  IT =  1   Fe

     LM            muffin-tin                 interstitial            total
      1      24.30141  (   6.85530)       1.01210  (   0.28551)      25.31351
      7      -0.03084  (  -0.00870)       3.40736  (   0.96120)       3.37652
      9      -1.92358  (  -0.54263)       3.17835  (   0.89660)       1.25477
     21      -1.42182  (  -0.40109)     -33.90276  (  -9.56379)     -35.32458
     23      -2.13416  (  -0.60203)     115.55435  (  32.59728)     113.42020
     25      -0.55228  (  -0.15580)      43.61133  (  12.30253)      43.05905

     charge moments for atom type  IT =  2   Al

     LM            muffin-tin                 interstitial            total
      1      13.12682  (   3.70301)       1.24616  (   0.35154)      14.37299
      7       0.47312  (   0.13347)      -5.95405  (  -1.67961)      -5.48093
     21      -1.19498  (  -0.33710)      93.71832  (  26.43745)      92.52334
     25       0.71174  (   0.20078)     -92.84923  ( -26.19228)     -92.13749
  
     atom site IQ =  1  Q(netto) =  -0.68649406 els.
     atom site IQ =  3  Q(netto) =   1.37298812 els.

     charge moments for atom site  IQ =  1   (including  -Z)

     LM            muffin-tin                 interstitial            total
      1      24.30141                     1.01210                    -0.68649
      7      -0.03084                     3.40736                     3.37652
      9      -1.92358                     3.17835                     1.25477
     21      -1.42182                   -33.90276                   -35.32458
     23      -2.13416                   115.55435                   113.42020
     25      -0.55228                    43.61133                    43.05905

     charge moments for atom site  IQ =  2   (including  -Z)

     LM            muffin-tin                 interstitial            total
      1      24.30141                     1.01210                    -0.68649
      7      -0.03084                     3.40736                     3.37652
      9       1.92358                    -3.17835                    -1.25477
     21      -1.42182                   -33.90276                   -35.32458
     23       2.13416                  -115.55435                  -113.42020
     25      -0.55228                    43.61133                    43.05905

     charge moments for atom site  IQ =  3   (including  -Z)

     LM            muffin-tin                 interstitial            total
      1      13.12682                     1.24616                     1.37299
      7       0.47312                    -5.95405                    -5.48093
     21      -1.19498                    93.71832                    92.52334
     25       0.71174                   -92.84923                   -92.13749

     atom type IT= 1  EPOTIN =  4045.83116043
          0:   4045.640769 1:      0.000000 2:      0.156559 3:      0.000000
          4:      0.033833

     atom type IT= 2  EPOTIN =   753.89136942
          0:    753.822751 1:      0.000000 2:      0.043988 3:      0.000000
          4:      0.024630

 *******************************************************************************
                                  total energies
 *******************************************************************************

 Fermi energy  0.341898 Ry

 contribution to total energy of atom type IT=  1   Fe

 core     s:  -1155.756417 p:   -325.074028 d:      0.000000 f:      0.000000
 valence  s:     -0.005726 p:      0.060897 d:     -0.364168
 Coulomb  0:  -4999.427381 1:      0.000000 2:      0.001276 3:      0.000000
          4:     -0.016323
 ex.-cor. 0:   -105.816274 1:      0.000000 2:      0.072990 3:      0.000000
          4:      0.026894

 sum of single particle energies:  -1481.1394416852
 total contribution of the atom:   -2540.4670994814

 contribution to total energy of atom type IT=  2   Al

 core     s:   -235.751471 p:    -28.915976 d:      0.000000 f:      0.000000
 valence  s:     -0.257594 p:      0.308386 d:      0.049778
 Coulomb  0:   -936.089628 1:      0.000000 2:     -0.059293 3:      0.000000
          4:     -0.030063
 ex.-cor. 0:    -36.676754 1:      0.000000 2:      0.060953 3:      0.000000
          4:      0.031824

 sum of single particle energies:   -264.5668770395
 total contribution of the atom:    -483.4384677594

 total energy                      -5564.3726667222 Ry

 *******************************************************************************
          shift of muffin-tin zero  VMTZ  -0.440554
 *******************************************************************************

     rms-error for type  1:  V =  1.0367D+01     B =  1.1522D+00
     rms-error for type  2:  V =  9.9699D+00     B =  9.4575D-01
     iter.  17     average:  V =  1.0367D+01     B =  1.1522D+00

     execution time for last iteration         9.446 sec


 *******************************************************************************
  17 ERR 0.104E+02 0.115E+01 EF  0.34190 -0.05943 D  63.492 M  -9.7671  -0.1580
     ETOT      -5564.37266672    SCF - cycle not converged  -  continue
 *******************************************************************************



 *******************************************************************************
                                  <SCFCHKNVAL>
 *******************************************************************************

          fix core and semi-core states and lower boundary for valence band

          bottom of energy contour for band states  EMIN   =  -0.390
          lower limit for semi-core states          ESCBOT =  -0.390
          upper limit for core states               ECTOP  =  -3.550

          table of detected bound states  (ignoring exchange splitting)

          elmt  IT   Z   n  l   j        E (Ry)      NSH  NSUM  state  changed

          Fe     1  26   1  s  1/2    -512.365830     2     2    core     -
          Fe     1  26   2  s  1/2     -59.288496     2     4    core     -
          Fe     1  26   2  p  1/2     -51.091639
          Fe     1  26   2  p  3/2     -50.176365     6    10    core     -
          Fe     1  26   3  s  1/2      -6.050083     2    12    core     -
          Fe     1  26   3  p  1/2      -3.663499
          Fe     1  26   3  p  3/2      -3.549817     6    18    core     -

          Al     2  13   1  s  1/2    -110.300568     2     2    core     -
          Al     2  13   2  s  1/2      -7.611131     2     4    core     -
          Al     2  13   2  p  1/2      -4.856967
          Al     2  13   2  p  3/2      -4.824392     6    10    core     -
          Al     2  13   3  s  1/2      -0.182285     2    12    semi     -



  ATOM   IT      :     1
  ATOMIC NUMBER  :    26

  IT          MUE  KAP ITER      ENERGY        B (k-Gauss)      <S_z>  
   1   1s1/2 -1/2  -1   6    -512.36857533     -2973204.456    -0.988
   1   1s1/2  1/2  -1   3    -512.36308492      2973299.185     0.988
                                                     94.729    -0.000

   1   2s1/2 -1/2  -1   7     -59.50686122      -275310.221    -0.998
   1   2s1/2  1/2  -1   3     -59.07108721       277833.094     0.998
                                                   2522.873    -0.000

   1   2p3/2 -3/2  -2   8     -50.34682330       -46344.622    -0.998
   1   2p3/2 -1/2  -2   5     -50.20354931       -23058.396     0.035
   1   2p1/2 -1/2   1   6     -51.06688483       -75330.785    -0.037
   1   2p3/2  1/2  -2   4     -50.09646033        12939.134     0.595
   1   2p1/2  1/2   1   4     -51.17114437        85018.965    -0.593
   1   2p3/2  3/2  -2   3     -50.00693776        46767.809     0.997
                                                     -7.895    -0.000

   1   3s1/2 -1/2  -1  10      -6.53036141       -40795.413    -1.000
   1   3s1/2  1/2  -1   5      -5.57014074        39741.462     1.000
                                                  -1053.951     0.000

   1   3p3/2 -3/2  -2  11      -4.02023557        -5920.209    -1.000
   1   3p3/2 -1/2  -2   6      -3.15161151        -8606.297     0.993
   1   3p1/2 -1/2   1   5      -4.06191361        -3581.504    -0.993
   1   3p3/2  1/2  -2   5      -3.11473674         2705.387     0.994
   1   3p1/2  1/2   1   5      -4.10034501         9709.321    -0.994
   1   3p3/2  3/2  -2   3      -3.08041098         5695.728     1.000
                                                      2.426     0.000

  ---------------------------------------------------------
                                                   1558.182
                                      (S)          1563.651
  *********************************************************


          integrated core charge density for atom type    1: 18.00000000
          integrated core  spin  density for atom type    1: -0.00008360

  ATOM   IT      :     2
  ATOMIC NUMBER  :    13

  IT          MUE  KAP ITER      ENERGY        B (k-Gauss)      <S_z>  
   2   1s1/2 -1/2  -1   6    -110.29592982      -340661.830    -0.997
   2   1s1/2  1/2  -1   3    -110.30520688       340642.791     0.997
                                                    -19.039     0.000

   2   2s1/2 -1/2  -1  12      -7.60612941       -23124.854    -1.000
   2   2s1/2  1/2  -1   3      -7.61613508        23133.499     1.000
                                                      8.645    -0.000

   2   2p3/2 -3/2  -2  17      -4.81826791        -3511.273    -1.000
   2   2p3/2 -1/2  -2   4      -4.82146363         -968.282    -0.601
   2   2p1/2 -1/2   1   6      -4.85990222        -6157.907     0.601
   2   2p3/2  1/2  -2   4      -4.82530977         1736.826    -0.045
   2   2p1/2  1/2   1   4      -4.85605157         5388.901     0.046
   2   2p3/2  3/2  -2   3      -4.83052048         3511.692     1.000
                                                     -0.043     0.000

  ---------------------------------------------------------
                                                    -10.437
                                      (S)           -10.395
  *********************************************************


          integrated core charge density for atom type    2: 10.00000000
          integrated core  spin  density for atom type    2: -0.00000087

 <SCF>:     TOTNOS       0.0000000000  TOTNOSX     18.6998266610
 <SCF>:     TOTDOSEF     9.1087369567  TOTDOSEFX    9.1087369567

 <CHRDNS>:  TOTNOS      18.6998266610  DQ          -0.3001733390
 <CHRDNS>:  TOTDOS       9.1087369567  TOTDOSX      9.1087369567


 *******************************************************************************

 SPRKKR-run for: System:

 results extrapolated to corrected Fermi energy:
 CHARGE MISFIT      -0.30017334 els.
 E_F CORRECTION      0.03295444
 NEW FERMI ENERGY    0.37485212


  33 E= 0.3749 0.0000          IT=   1  Fe      
         DOS      NOS     P_spin   m_spin    P_orb    m_orb     B_val      B_core
  s    0.5153   0.8240   -0.2592  -0.2545   0.00002  0.00001     0.00 s      0.00
  p    1.6500   1.1159   -1.5492  -0.4362  -0.00249  0.00334     0.00 ns     0.00
  d    0.9545   5.5227   -0.4399  -4.7331  -0.00115 -0.00049     0.00 cor    0.00
 mix  -0.3561  -0.2950   -0.1755  -0.0571   0.00412  0.00050     0.00 v+c
 sum   2.7637   7.1676   -2.4237  -5.4810   0.00050  0.00336     0.00 v+c 1558.18
 -------------------------------------------------------------------------------

  33 E= 0.3749 0.0000          IT=   2  Al      
         DOS      NOS     P_spin   m_spin    P_orb    m_orb     B_val      B_core
  s    0.2991   1.4542   -0.2971   0.0808   0.00001 -0.00000     0.00 s      0.00
  p    2.4142   2.9574   -1.8862   0.3065  -0.02607 -0.00010     0.00 ns     0.00
  d    1.0360   0.4132   -0.9462  -0.2864   0.00476 -0.00087     0.00 cor    0.00
 mix  -0.1679  -0.1599    0.1745   0.0919  -0.00357  0.00022     0.00 v+c
 sum   3.5813   4.6648   -2.9549   0.1928  -0.02486 -0.00075     0.00 v+c  -10.44
 -------------------------------------------------------------------------------
 TOT   9.1087  19.0000           -10.7692            0.00597
 E_band        -1.56383470 [Ry]
 ===============================================================================
 IT   1  spin     DNS       -5.4809899971
                  INT       -5.4810017653     RAT   0.9999978529
 IT   2  spin     DNS        0.1927627996
                  INT        0.1927633223     RAT   0.9999972880

 ###############################################################################
                         integrals in <CHRDNS>  NOT OK
 ###############################################################################


 <FPCHRDNS>:  check integrals for RHO2NS from core solver

          IT =  1  CORE   CHR:    18.000000000000
          IT =  1  CORE   SPN:    -0.000083600779
          IT =  2  CORE   CHR:    10.000000000000
          IT =  2  CORE   SPN:    -0.000000866233

 *******************************************************************************
 *******************************************************************************
                   setting up new potential in <FPSCFNEWPOT>
 *******************************************************************************
 *******************************************************************************

     <SYMMETRIZE_FLMT_REP>  chr:  IT=  1   max rel diff =         0.0000000000
     <SYMMETRIZE_FLMT_REP>  chr:  IT=  2   max rel diff =         0.0000000000
     <SYMMETRIZE_FLMT_REP>  spn:  IT=  1   max rel diff =         0.0000000000
     <SYMMETRIZE_FLMT_REP>  spn:  IT=  2   max rel diff =         0.0000000000

     charge neutrality     -0.000000000000 els.


     charge moments for atom type  IT =  1   Fe

     LM            muffin-tin                 interstitial            total
      1      24.13182  (   6.80746)       1.03578  (   0.29219)      25.16759
      7       0.39249  (   0.11072)       3.85801  (   1.08832)       4.25050
      9      -0.97977  (  -0.27639)       3.93755  (   1.11076)       2.95778
     21      -0.79210  (  -0.22345)     -37.73390  ( -10.64454)     -38.52601
     23      -1.25232  (  -0.35327)     123.17542  (  34.74714)     121.92310
     25      -0.04042  (  -0.01140)      46.26817  (  13.05201)      46.22775

     charge moments for atom type  IT =  2   Al

     LM            muffin-tin                 interstitial            total
      1      13.37650  (   3.77344)       1.28831  (   0.36343)      14.66481
      7       0.11072  (   0.03123)      -6.59911  (  -1.86158)      -6.48839
     21      -0.73068  (  -0.20612)      97.98572  (  27.64126)      97.25505
     25       0.40925  (   0.11545)    -100.44523  ( -28.33508)    -100.03598
  
     atom site IQ =  1  Q(netto) =  -0.83240639 els.
     atom site IQ =  3  Q(netto) =   1.66481279 els.

     charge moments for atom site  IQ =  1   (including  -Z)

     LM            muffin-tin                 interstitial            total
      1      24.13182                     1.03578                    -0.83241
      7       0.39249                     3.85801                     4.25050
      9      -0.97977                     3.93755                     2.95778
     21      -0.79210                   -37.73390                   -38.52601
     23      -1.25232                   123.17542                   121.92310
     25      -0.04042                    46.26817                    46.22775

     charge moments for atom site  IQ =  2   (including  -Z)

     LM            muffin-tin                 interstitial            total
      1      24.13182                     1.03578                    -0.83241
      7       0.39249                     3.85801                     4.25050
      9       0.97977                    -3.93755                    -2.95778
     21      -0.79210                   -37.73390                   -38.52601
     23       1.25232                  -123.17542                  -121.92310
     25      -0.04042                    46.26817                    46.22775

     charge moments for atom site  IQ =  3   (including  -Z)

     LM            muffin-tin                 interstitial            total
      1      13.37650                     1.28831                     1.66481
      7       0.11072                    -6.59911                    -6.48839
     21      -0.73068                    97.98572                    97.25505
     25       0.40925                  -100.44523                  -100.03598

     atom type IT= 1  EPOTIN =  4044.90129163
          0:   4044.748233 1:      0.000000 2:      0.123424 3:      0.000000
          4:      0.029635

     atom type IT= 2  EPOTIN =   755.23005808
          0:    755.188084 1:      0.000000 2:      0.027683 3:      0.000000
          4:      0.014291

 *******************************************************************************
                                  total energies
 *******************************************************************************

 Fermi energy  0.374852 Ry

 contribution to total energy of atom type IT=  1   Fe

 core     s:  -1155.410111 p:   -324.421053 d:      0.000000 f:      0.000000
 valence  s:     -0.015423 p:      0.108188 d:     -0.993603
 Coulomb  0:  -4998.768291 1:      0.000000 2:     -0.018132 3:      0.000000
          4:     -0.022743
 ex.-cor. 0:   -105.683683 1:      0.000000 2:      0.068735 3:      0.000000
          4:      0.031040

 sum of single particle energies:  -1480.7320028426
 total contribution of the atom:   -2540.2237855138

 contribution to total energy of atom type IT=  2   Al

 core     s:   -235.823401 p:    -29.011516 d:      0.000000 f:      0.000000
 valence  s:     -0.240308 p:      0.440913 d:      0.037238
 Coulomb  0:   -936.907427 1:      0.000000 2:     -0.050781 3:      0.000000
          4:     -0.025467
 ex.-cor. 0:    -36.955913 1:      0.000000 2:      0.045774 3:      0.000000
          4:      0.023335

 sum of single particle energies:   -264.5970741302
 total contribution of the atom:    -483.2374960507

 total energy                      -5563.6850670783 Ry

 *******************************************************************************
          shift of muffin-tin zero  VMTZ  -0.417759
 *******************************************************************************

     rms-error for type  1:  V =  1.2992D+01     B =  2.5805D+00
     rms-error for type  2:  V =  1.4391D+01     B =  1.4391D+00
     iter.  18     average:  V =  1.4391D+01     B =  2.5805D+00

     execution time for last iteration        10.419 sec


 *******************************************************************************
  18 ERR 0.144E+02 0.258E+01 EF  0.37485  0.03295 D   9.109 M -10.7692   0.0060
     ETOT      -5563.68506708    SCF - cycle not converged  -  continue
 *******************************************************************************



 *******************************************************************************
                                  <SCFCHKNVAL>
 *******************************************************************************

          fix core and semi-core states and lower boundary for valence band

          bottom of energy contour for band states  EMIN   =  -0.390
          lower limit for semi-core states          ESCBOT =  -0.390
          upper limit for core states               ECTOP  =  -3.502

          table of detected bound states  (ignoring exchange splitting)

          elmt  IT   Z   n  l   j        E (Ry)      NSH  NSUM  state  changed

          Fe     1  26   1  s  1/2    -512.264201     2     2    core     -
          Fe     1  26   2  s  1/2     -59.187380     2     4    core     -
          Fe     1  26   2  p  1/2     -50.990403
          Fe     1  26   2  p  3/2     -50.075139     6    10    core     -
          Fe     1  26   3  s  1/2      -5.998083     2    12    core     -
          Fe     1  26   3  p  1/2      -3.614364
          Fe     1  26   3  p  3/2      -3.501671     6    18    core     -

          Al     2  13   1  s  1/2    -110.157831     2     2    core     -
          Al     2  13   2  s  1/2      -7.477270     2     4    core     -
          Al     2  13   2  p  1/2      -4.722417
          Al     2  13   2  p  3/2      -4.689886     6    10    core     -
          Al     2  13   3  s  1/2      -0.120804     2    12    semi     -



  ATOM   IT      :     1
  ATOMIC NUMBER  :    26

  IT          MUE  KAP ITER      ENERGY        B (k-Gauss)      <S_z>  
   1   1s1/2 -1/2  -1   6    -512.26353026     -2973269.286    -0.988
   1   1s1/2  1/2  -1   3    -512.26487110      2973236.633     0.988
                                                    -32.653     0.000

   1   2s1/2 -1/2  -1   7     -59.10736629      -277036.686    -0.998
   1   2s1/2  1/2  -1   3     -59.26752205       276111.007     0.998
                                                   -925.680     0.000

   1   2p3/2 -3/2  -2   8     -50.01286793       -46634.250    -0.997
   1   2p3/2 -1/2  -2   4     -50.05092554       -14085.851    -0.443
   1   2p1/2 -1/2   1   5     -51.01423117       -84008.976     0.442
   1   2p3/2  1/2  -2   4     -50.09215943        17661.639     0.206
   1   2p1/2  1/2   1   4     -50.97403900        80591.714    -0.205
   1   2p3/2  3/2  -2   3     -50.13754791        46478.666     0.998
                                                      2.943     0.000

   1   3s1/2 -1/2  -1  10      -5.82896907       -39783.757    -1.000
   1   3s1/2  1/2  -1   4      -6.16729335        40245.729     1.000
                                                    461.973    -0.000

   1   3p3/2 -3/2  -2  12      -3.33732413        -5709.429    -1.000
   1   3p3/2 -1/2  -2   5      -3.36706499        -2244.036    -0.960
   1   3p1/2 -1/2   1   5      -3.74953541       -10004.722     0.960
   1   3p3/2  1/2  -2   5      -3.40246898         7713.016    -0.940
   1   3p1/2  1/2   1   5      -3.71345027         4435.190     0.940
   1   3p3/2  3/2  -2   4      -3.66624847         5808.775     1.000
                                                     -1.206    -0.000

  ---------------------------------------------------------
                                                   -494.623
                                      (S)          -496.360
  *********************************************************


          integrated core charge density for atom type    1: 18.00000000
          integrated core  spin  density for atom type    1:  0.00001797

  ATOM   IT      :     2
  ATOMIC NUMBER  :    13

  IT          MUE  KAP ITER      ENERGY        B (k-Gauss)      <S_z>  
   2   1s1/2 -1/2  -1   6    -110.15979817      -340654.263    -0.997
   2   1s1/2  1/2  -1   3    -110.15586318       340663.042     0.997
                                                      8.779    -0.000

   2   2s1/2 -1/2  -1  11      -7.47950685       -23112.861    -1.000
   2   2s1/2  1/2  -1   3      -7.47503349        23110.939     1.000
                                                     -1.921    -0.000

   2   2p3/2 -3/2  -2  18      -4.69264509        -3506.862    -1.000
   2   2p3/2 -1/2  -2   4      -4.69058759        -1376.220    -0.171
   2   2p1/2 -1/2   1   6      -4.72171650        -5740.833     0.171
   2   2p3/2  1/2  -2   4      -4.68877185         1040.401     0.470
   2   2p1/2  1/2   1   4      -4.72353278         6076.401    -0.470
   2   2p3/2  3/2  -2   3      -4.68712848         3507.133     1.000
                                                      0.020    -0.000

  ---------------------------------------------------------
                                                      6.877
                                      (S)             6.858
  *********************************************************


          integrated core charge density for atom type    2: 10.00000000
          integrated core  spin  density for atom type    2:  0.00000070

 <SCF>:     TOTNOS       0.0000000000  TOTNOSX     21.9255626758
 <SCF>:     TOTDOSEF    47.8288822155  TOTDOSEFX   47.8288822155

 <CHRDNS>:  TOTNOS      21.9255626758  DQ           2.9255626758
 <CHRDNS>:  TOTDOS      47.8288822155  TOTDOSX     47.8288822155


 *******************************************************************************

 SPRKKR-run for: System:

 results extrapolated to corrected Fermi energy:
 CHARGE MISFIT       2.92556268 els.
 E_F CORRECTION     -0.06116728
 NEW FERMI ENERGY    0.31368484


  33 E= 0.3137 0.0000          IT=   1  Fe      
         DOS      NOS     P_spin   m_spin    P_orb    m_orb     B_val      B_core
  s    0.7514   0.8593    0.1093   0.0434  -0.00001 -0.00000     0.00 s      0.00
  p    2.5410   0.9226   -0.1391   0.0910   0.06793 -0.00268     0.00 ns     0.00
  d   17.1553   6.0867  -14.9862   3.6242   0.18953  0.08449     0.00 cor    0.00
 mix   0.3992  -0.2511   -0.5940   0.0569   0.05717 -0.00113     0.00 v+c
 sum  20.8469   7.6175  -15.6100   3.8155   0.31462  0.08068     0.00 v+c -494.62
 -------------------------------------------------------------------------------

  33 E= 0.3137 0.0000          IT=   2  Al      
         DOS      NOS     P_spin   m_spin    P_orb    m_orb     B_val      B_core
  s    0.5343   1.4095    0.3763  -0.0132  -0.00002  0.00000     0.00 s      0.00
  p    3.6362   2.1028    1.3669  -0.2535  -0.02548  0.00304     0.00 ns     0.00
  d    2.2763   0.4058   -1.1546   0.0638   0.00586 -0.00457     0.00 cor    0.00
 mix  -0.3118  -0.1532    0.0979  -0.0311  -0.03757  0.00242     0.00 v+c
 sum   6.1350   3.7650    0.6865  -0.2340  -0.05721  0.00089     0.00 v+c    6.88
 -------------------------------------------------------------------------------
 TOT  47.8289  19.0000             7.3970            0.16225
 E_band         1.79622459 [Ry]
 ===============================================================================
 IT   1  spin     DNS        3.8154762853
                  INT        3.8154815887     RAT   0.9999986100
 IT   2  spin     DNS       -0.2339508770
                  INT       -0.2339510070     RAT   0.9999994443

 ###############################################################################
                         integrals in <CHRDNS>  NOT OK
 ###############################################################################


 <FPCHRDNS>:  check integrals for RHO2NS from core solver

          IT =  1  CORE   CHR:    18.000000000000
          IT =  1  CORE   SPN:     0.000017974650
          IT =  2  CORE   CHR:    10.000000000000
          IT =  2  CORE   SPN:     0.000000697851

 *******************************************************************************
 *******************************************************************************
                   setting up new potential in <FPSCFNEWPOT>
 *******************************************************************************
 *******************************************************************************

     <SYMMETRIZE_FLMT_REP>  chr:  IT=  1   max rel diff =         0.0000000000
     <SYMMETRIZE_FLMT_REP>  chr:  IT=  2   max rel diff =         0.0000000000
     <SYMMETRIZE_FLMT_REP>  spn:  IT=  1   max rel diff =         0.0000000000
     <SYMMETRIZE_FLMT_REP>  spn:  IT=  2   max rel diff =         0.0000000000

     charge neutrality     -0.000000000000 els.


     charge moments for atom type  IT =  1   Fe

     LM            muffin-tin                 interstitial            total
      1      24.50277  (   6.91210)       1.11475  (   0.31447)      25.61752
      7      -0.68355  (  -0.19283)       2.89358  (   0.81626)       2.21002
      9      -0.41276  (  -0.11644)       4.88608  (   1.37834)       4.47332
     21      -0.77277  (  -0.21799)     -40.66396  ( -11.47109)     -41.43672
     23      -1.23742  (  -0.34907)     120.96039  (  34.12230)     119.72298
     25      -1.24167  (  -0.35027)      54.05836  (  15.24958)      52.81669

     charge moments for atom type  IT =  2   Al

     LM            muffin-tin                 interstitial            total
      1      12.60148  (   3.55481)       1.16349  (   0.32821)      13.76497
      7       0.65667  (   0.18524)      -5.98179  (  -1.68743)      -5.32512
     21      -0.35603  (  -0.10043)      96.76691  (  27.29744)      96.41089
     25       0.14831  (   0.04184)    -103.28594  ( -29.13643)    -103.13763
  
     atom site IQ =  1  Q(netto) =  -0.38248330 els.
     atom site IQ =  3  Q(netto) =   0.76496660 els.

     charge moments for atom site  IQ =  1   (including  -Z)

     LM            muffin-tin                 interstitial            total
      1      24.50277                     1.11475                    -0.38248
      7      -0.68355                     2.89358                     2.21002
      9      -0.41276                     4.88608                     4.47332
     21      -0.77277                   -40.66396                   -41.43672
     23      -1.23742                   120.96039                   119.72298
     25      -1.24167                    54.05836                    52.81669

     charge moments for atom site  IQ =  2   (including  -Z)

     LM            muffin-tin                 interstitial            total
      1      24.50277                     1.11475                    -0.38248
      7      -0.68355                     2.89358                     2.21002
      9       0.41276                    -4.88608                    -4.47332
     21      -0.77277                   -40.66396                   -41.43672
     23       1.23742                  -120.96039                  -119.72298
     25      -1.24167                    54.05836                    52.81669

     charge moments for atom site  IQ =  3   (including  -Z)

     LM            muffin-tin                 interstitial            total
      1      12.60148                     1.16349                     0.76497
      7       0.65667                    -5.98179                    -5.32512
     21      -0.35603                    96.76691                    96.41089
     25       0.14831                  -103.28594                  -103.13763

     atom type IT= 1  EPOTIN =  4039.89076251
          0:   4039.808779 1:      0.000000 2:      0.061647 3:      0.000000
          4:      0.020336

     atom type IT= 2  EPOTIN =   750.41007273
          0:    750.366589 1:      0.000000 2:      0.036139 3:      0.000000
          4:      0.007345

 *******************************************************************************
                                  total energies
 *******************************************************************************

 Fermi energy  0.313685 Ry

 contribution to total energy of atom type IT=  1   Fe

 core     s:  -1154.899552 p:   -323.517863 d:      0.000000 f:      0.000000
 valence  s:      0.008337 p:      0.095440 d:      0.717025
 Coulomb  0:  -4997.163254 1:      0.000000 2:     -0.047080 3:      0.000000
          4:     -0.016969
 ex.-cor. 0:   -105.791688 1:      0.000000 2:      0.064035 3:      0.000000
          4:      0.023394

 sum of single particle energies:  -1477.5966136131
 total contribution of the atom:   -2540.6374126088

 contribution to total energy of atom type IT=  2   Al

 core     s:   -235.270202 p:    -28.204382 d:      0.000000 f:      0.000000
 valence  s:     -0.181478 p:      0.281046 d:      0.055054
 Coulomb  0:   -934.689879 1:      0.000000 2:     -0.053336 3:      0.000000
          4:     -0.010035
 ex.-cor. 0:    -36.062734 1:      0.000000 2:      0.051849 3:      0.000000
          4:      0.010265

 sum of single particle energies:   -263.3199628996
 total contribution of the atom:    -483.6637594693

 total energy                      -5564.9385846869 Ry

 *******************************************************************************
          shift of muffin-tin zero  VMTZ  -0.422084
 *******************************************************************************

     rms-error for type  1:  V =  4.8746D+00     B =  6.4735D-01
     rms-error for type  2:  V =  1.1750D+01     B =  3.3148D-01
     iter.  19     average:  V =  1.1750D+01     B =  6.4735D-01

     execution time for last iteration        10.206 sec


 *******************************************************************************
  19 ERR 0.117E+02 0.647E+00 EF  0.31368 -0.06117 D  47.829 M   7.3970   0.1622
     ETOT      -5564.93858469    SCF - cycle not converged  -  continue
 *******************************************************************************



 *******************************************************************************
                                  <SCFCHKNVAL>
 *******************************************************************************

          fix core and semi-core states and lower boundary for valence band

          bottom of energy contour for band states  EMIN   =  -0.390
          lower limit for semi-core states          ESCBOT =  -0.390
          upper limit for core states               ECTOP  =  -3.599

          table of detected bound states  (ignoring exchange splitting)

          elmt  IT   Z   n  l   j        E (Ry)      NSH  NSUM  state  changed

          Fe     1  26   1  s  1/2    -512.463315     2     2    core     -
          Fe     1  26   2  s  1/2     -59.369231     2     4    core     -
          Fe     1  26   2  p  1/2     -51.175675
          Fe     1  26   2  p  3/2     -50.260093     6    10    core     -
          Fe     1  26   3  s  1/2      -6.100119     2    12    core     -
          Fe     1  26   3  p  1/2      -3.712466
          Fe     1  26   3  p  3/2      -3.598630     6    18    core     -

          Al     2  13   1  s  1/2    -110.180849     2     2    core     -
          Al     2  13   2  s  1/2      -7.498226     2     4    core     -
          Al     2  13   2  p  1/2      -4.743556
          Al     2  13   2  p  3/2      -4.711018     6    10    core     -
          Al     2  13   3  s  1/2      -0.133569     2    12    semi     -



  ATOM   IT      :     1
  ATOMIC NUMBER  :    26

  IT          MUE  KAP ITER      ENERGY        B (k-Gauss)      <S_z>  
   1   1s1/2 -1/2  -1   6    -512.46304386     -2973277.285    -0.988
   1   1s1/2  1/2  -1   2    -512.46358621      2973254.611     0.988
                                                    -22.674     0.000

   1   2s1/2 -1/2  -1   7     -59.30278407      -277049.518    -0.998
   1   2s1/2  1/2  -1   3     -59.43576738       276272.798     0.998
                                                   -776.720     0.000

   1   2p3/2 -3/2  -2   8     -50.20855280       -46637.020    -0.997
   1   2p3/2 -1/2  -2   4     -50.24052781       -14291.729    -0.425
   1   2p1/2 -1/2   1   5     -51.19489912       -83847.452     0.424
   1   2p3/2  1/2  -2   4     -50.27473513        17243.553     0.229
   1   2p1/2  1/2   1   4     -51.16156616        81028.528    -0.227
   1   2p3/2  3/2  -2   3     -50.31173025        46506.579     0.998
                                                      2.460     0.000

   1   3s1/2 -1/2  -1  10      -5.96030901       -40088.200    -1.000
   1   3s1/2  1/2  -1   4      -6.24000376        40495.676     1.000
                                                    407.475    -0.000

   1   3p3/2 -3/2  -2  13      -3.46283785        -5774.128    -1.000
   1   3p3/2 -1/2  -2   5      -3.49151160        -2151.121    -0.945
   1   3p1/2 -1/2   1   5      -3.82004105       -10211.843     0.945
   1   3p3/2  1/2  -2   5      -3.52649291         7455.177    -0.909
   1   3p1/2  1/2   1   5      -3.78446944         4820.439     0.909
   1   3p3/2  3/2  -2   4      -3.73458659         5860.325     1.000
                                                     -1.152    -0.000

  ---------------------------------------------------------
                                                   -390.610
                                      (S)          -391.918
  *********************************************************


          integrated core charge density for atom type    1: 18.00000000
          integrated core  spin  density for atom type    1:  0.00001191

  ATOM   IT      :     2
  ATOMIC NUMBER  :    13

  IT          MUE  KAP ITER      ENERGY        B (k-Gauss)      <S_z>  
   2   1s1/2 -1/2  -1   6    -110.18341649      -340651.770    -0.997
   2   1s1/2  1/2  -1   3    -110.17828167       340664.697     0.997
                                                     12.928    -0.000

   2   2s1/2 -1/2  -1  11      -7.50111167       -23116.421    -1.000
   2   2s1/2  1/2  -1   3      -7.49534213        23113.536     1.000
                                                     -2.885    -0.000

   2   2p3/2 -3/2  -2  18      -4.71461289        -3507.604    -1.000
   2   2p3/2 -1/2  -2   4      -4.71184086        -1455.464    -0.118
   2   2p1/2 -1/2   1   7      -4.74273435        -5663.014     0.118
   2   2p3/2  1/2  -2   4      -4.70949541         1015.012     0.507
   2   2p1/2  1/2   1   4      -4.74508095         6103.270    -0.506
   2   2p3/2  3/2  -2   3      -4.70742484         3507.827     1.000
                                                      0.026    -0.000

  ---------------------------------------------------------
                                                     10.068
                                      (S)            10.042
  *********************************************************


          integrated core charge density for atom type    2: 10.00000000
          integrated core  spin  density for atom type    2:  0.00000089

 <SCF>:     TOTNOS       0.0000000000  TOTNOSX     23.2753875937
 <SCF>:     TOTDOSEF    77.7346473607  TOTDOSEFX   77.7346473607

 <CHRDNS>:  TOTNOS      23.2753875937  DQ           4.2753875937
 <CHRDNS>:  TOTDOS      77.7346473607  TOTDOSX     77.7346473607


 *******************************************************************************

 SPRKKR-run for: System:

 results extrapolated to corrected Fermi energy:
 CHARGE MISFIT       4.27538759 els.
 E_F CORRECTION     -0.05499977
 NEW FERMI ENERGY    0.25868508


  33 E= 0.2587 0.0000          IT=   1  Fe      
         DOS      NOS     P_spin   m_spin    P_orb    m_orb     B_val      B_core
  s    0.8475   0.8290    0.0028   0.0531  -0.00000 -0.00000     0.00 s      0.00
  p    3.0559   0.7712    0.3401   0.0314  -0.04469  0.00444     0.00 ns     0.00
  d   31.2982   6.4505  -29.4618   3.2939   0.69313  0.09248     0.00 cor    0.00
 mix   0.1133  -0.2293   -0.2038   0.0236  -0.00907  0.00227     0.00 v+c
 sum  35.3149   7.8214  -29.3228   3.4021   0.63936  0.09918     0.00 v+c -390.61
 -------------------------------------------------------------------------------

  33 E= 0.2587 0.0000          IT=   2  Al      
         DOS      NOS     P_spin   m_spin    P_orb    m_orb     B_val      B_core
  s    0.7496   1.3765    0.0212   0.0063  -0.00000 -0.00000     0.00 s      0.00
  p    4.8357   1.7590    1.2943  -0.2281   0.06843 -0.00094     0.00 ns     0.00
  d    1.6780   0.3931   -0.5483   0.0025   0.08042 -0.00603     0.00 cor    0.00
 mix  -0.1584  -0.1714    0.0694  -0.0210  -0.01049  0.00047     0.00 v+c
 sum   7.1048   3.3572    0.8365  -0.2403   0.13836 -0.00650     0.00 v+c   10.07
 -------------------------------------------------------------------------------
 TOT  77.7346  19.0000             6.5639            0.19187
 E_band         0.85681760 [Ry]
 ===============================================================================
 IT   1  spin     DNS        3.4020671332
                  INT        3.4020690426     RAT   0.9999994388
 IT   2  spin     DNS       -0.2402600877
                  INT       -0.2402601390     RAT   0.9999997867

 ###############################################################################
                         integrals in <CHRDNS>  NOT OK
 ###############################################################################


 <FPCHRDNS>:  check integrals for RHO2NS from core solver

          IT =  1  CORE   CHR:    18.000000000000
          IT =  1  CORE   SPN:     0.000011912132
          IT =  2  CORE   CHR:    10.000000000000
          IT =  2  CORE   SPN:     0.000000891822

 *******************************************************************************
 *******************************************************************************
                   setting up new potential in <FPSCFNEWPOT>
 *******************************************************************************
 *******************************************************************************

     <SYMMETRIZE_FLMT_REP>  chr:  IT=  1   max rel diff =         0.0000000000
     <SYMMETRIZE_FLMT_REP>  chr:  IT=  2   max rel diff =         0.0000000000
     <SYMMETRIZE_FLMT_REP>  spn:  IT=  1   max rel diff =         0.0000000000
     <SYMMETRIZE_FLMT_REP>  spn:  IT=  2   max rel diff =         0.0000000000

     charge neutrality     -0.000000000000 els.


     charge moments for atom type  IT =  1   Fe

     LM            muffin-tin                 interstitial            total
      1      24.81706  (   7.00076)       1.00432  (   0.28331)      25.82138
      7       0.12627  (   0.03562)       2.82285  (   0.79631)       2.94911
      9      -0.18825  (  -0.05310)       4.09113  (   1.15409)       3.90288
     21       1.17701  (   0.33203)     -33.51018  (  -9.45305)     -32.33317
     23      -2.13532  (  -0.60236)     106.77629  (  30.12103)     104.64096
     25      -2.49732  (  -0.70448)      46.44901  (  13.10302)      43.95169

     charge moments for atom type  IT =  2   Al

     LM            muffin-tin                 interstitial            total
      1      12.31360  (   3.47360)       1.04364  (   0.29440)      13.35723
      7       0.81505  (   0.22992)      -5.20861  (  -1.46932)      -4.39356
     21      -0.44873  (  -0.12659)      88.17900  (  24.87484)      87.73027
     25       0.30481  (   0.08598)     -93.60762  ( -26.40622)     -93.30281
  
     atom site IQ =  1  Q(netto) =  -0.17861580 els.
     atom site IQ =  3  Q(netto) =   0.35723160 els.

     charge moments for atom site  IQ =  1   (including  -Z)

     LM            muffin-tin                 interstitial            total
      1      24.81706                     1.00432                    -0.17862
      7       0.12627                     2.82285                     2.94911
      9      -0.18825                     4.09113                     3.90288
     21       1.17701                   -33.51018                   -32.33317
     23      -2.13532                   106.77629                   104.64096
     25      -2.49732                    46.44901                    43.95169

     charge moments for atom site  IQ =  2   (including  -Z)

     LM            muffin-tin                 interstitial            total
      1      24.81706                     1.00432                    -0.17862
      7       0.12627                     2.82285                     2.94911
      9       0.18825                    -4.09113                    -3.90288
     21       1.17701                   -33.51018                   -32.33317
     23       2.13532                  -106.77629                  -104.64096
     25      -2.49732                    46.44901                    43.95169

     charge moments for atom site  IQ =  3   (including  -Z)

     LM            muffin-tin                 interstitial            total
      1      12.31360                     1.04364                     0.35723
      7       0.81505                    -5.20861                    -4.39356
     21      -0.44873                    88.17900                    87.73027
     25       0.30481                   -93.60762                   -93.30281

     atom type IT= 1  EPOTIN =  4051.59570816
          0:   4051.494972 1:      0.000000 2:      0.071491 3:      0.000000
          4:      0.029246

     atom type IT= 2  EPOTIN =   749.77924093
          0:    749.725919 1:      0.000000 2:      0.040744 3:      0.000000
          4:      0.012579

 *******************************************************************************
                                  total energies
 *******************************************************************************

 Fermi energy  0.258685 Ry

 contribution to total energy of atom type IT=  1   Fe

 core     s:  -1155.865494 p:   -325.211951 d:      0.000000 f:      0.000000
 valence  s:     -0.009430 p:      0.033034 d:      0.421652
 Coulomb  0:  -5005.257968 1:      0.000000 2:     -0.036677 3:      0.000000
          4:     -0.008070
 ex.-cor. 0:   -106.721874 1:      0.000000 2:      0.061874 3:      0.000000
          4:      0.015037

 sum of single particle energies:  -1480.6321898500
 total contribution of the atom:   -2540.9841600723

 contribution to total energy of atom type IT=  2   Al

 core     s:   -235.358152 p:    -28.331189 d:      0.000000 f:      0.000000
 valence  s:     -0.213798 p:      0.140339 d:      0.039766
 Coulomb  0:   -934.036047 1:      0.000000 2:     -0.048545 3:      0.000000
          4:     -0.012152
 ex.-cor. 0:    -35.728031 1:      0.000000 2:      0.052541 3:      0.000000
          4:      0.014132

 sum of single particle energies:   -263.7230339704
 total contribution of the atom:    -483.7018951570

 total energy                      -5565.6702153015 Ry

 *******************************************************************************
          shift of muffin-tin zero  VMTZ  -0.422054
 *******************************************************************************

     rms-error for type  1:  V =  3.9045D+00     B =  4.2934D-01
     rms-error for type  2:  V =  7.0963D+00     B =  3.8609D-01
     iter.  20     average:  V =  7.0963D+00     B =  4.2934D-01

     execution time for last iteration         9.367 sec


 *******************************************************************************
  20 ERR 0.710E+01 0.429E+00 EF  0.25869 -0.05500 D  77.735 M   6.5639   0.1919
     ETOT      -5565.67021530    SCF - cycle not converged - NSCFITER exhausted 
 *******************************************************************************


 *******************************************************************************
 *******************************************************************************

          calculation for task = SCF       
          finished in subroutine <SCF>
          SCF - cycle not converged - NSCFITER exhausted
          run time info  CPU        218.504 sec
                         WALL       215.986 sec

 *******************************************************************************
 *******************************************************************************

          program stopped regularly via STOP_REGULAR

Note: The following floating-point exceptions are signalling: IEEE_DIVIDE_BY_ZERO IEEE_UNDERFLOW_FLAG IEEE_DENORMAL
